source,target,class,prod,strength
2,820,금속자재,금속,1
2,815,금속제품,귀금속,1
2,817,금속제품,귀금속,1
2,863,박스,박스,1
2,1096,케이스,케이스,1
3,995,기계장비,의료,1
3,1002,기계장비,의료,1
3,1003,기계장비,의료,1
3,1005,기계장비,의료,1
3,765,전기전자제품,가전제품(전기전자제품),1
3,768,전기전자제품,가전제품(전기전자제품),1
3,1168,,,1
3,1169,,,1
4,1133,전기전자자재,퓨즈(휴즈),1
4,754,전기전자제품,가전제품(전기전자제품),1
4,758,전기전자제품,가전제품(전기전자제품),1
4,760,전기전자제품,가전제품(전기전자제품),1
4,764,전기전자제품,가전제품(전기전자제품),1
4,771,전기전자제품,가전제품(전기전자제품),1
4,1090,전기전자제품,컨버터및인버터,1
5,1107,금속자재,팬,1
5,994,기계장비,의료,1
5,996,기계장비,의료,1
5,1000,기계장비,의료,1
5,1002,기계장비,의료,1
5,1187,,,1
5,1174,,,1
5,1178,,,1
6,1107,금속자재,팬,1
6,1108,금속자재,팬,1
6,1110,금속자재,팬,1
6,998,기계장비,의료,1
6,1001,기계장비,의료,1
6,1274,기계제작2,NA,1
6,1278,부품제작,NA,1
6,1292,후처리2,NA,1
7,817,금속제품,귀금속,1
7,1058,조명및전구,조명제품,1
7,1060,조명및전구,조명제품,1
8,994,기계장비,의료,1
8,807,기계장비,과학용품,1
8,995,기계장비,의료,1
8,1002,기계장비,의료,1
8,1003,기계장비,의료,1
8,1005,기계장비,의료,1
8,765,전기전자제품,가전제품(전기전자제품),2
8,1058,조명및전구,조명제품,1
8,1060,조명및전구,조명제품,1
9,994,기계장비,의료,1
9,996,기계장비,의료,1
9,1002,기계장비,의료,1
9,1058,조명및전구,조명제품,1
9,1059,조명및전구,조명제품,1
9,1060,조명및전구,조명제품,1
10,780,간판및광고물,간판,1
10,814,금속제품,귀금속,1
10,815,금속제품,귀금속,1
10,816,금속제품,귀금속,1
10,817,금속제품,귀금속,1
10,1058,조명및전구,조명제품,1
10,1060,조명및전구,조명제품,1
11,765,전기전자제품,가전제품(전기전자제품),1
11,1058,조명및전구,조명제품,1
11,1060,조명및전구,조명제품,1
11,1326,조명및전구,조명제품,1
12,765,전기전자제품,가전제품(전기전자제품),1
12,1058,조명및전구,조명제품,1
12,1060,조명및전구,조명제품,1
12,1326,조명및전구,조명제품,1
13,996,기계장비,의료,1
13,1058,조명및전구,조명제품,1
13,1060,조명및전구,조명제품,1
13,1326,조명및전구,조명제품,1
14,994,기계장비,의료,1
14,1003,기계장비,의료,1
14,1005,기계장비,의료,1
14,765,전기전자제품,가전제품(전기전자제품),2
14,1058,조명및전구,조명제품,1
14,1060,조명및전구,조명제품,1
14,1068,조명및전구,조명제품,1
14,1029,조명및전구,전구,1
14,1030,조명및전구,전구,1
14,1031,조명및전구,전구,1
14,1032,조명및전구,전구,1
14,1326,조명및전구,조명제품,1
15,765,전기전자제품,가전제품(전기전자제품),1
15,1058,조명및전구,조명제품,1
15,1060,조명및전구,조명제품,1
15,1080,조명및전구,조명제품,1
16,878,금속자재,베어링,1
16,806,기계장비,과학용품,1
16,807,기계장비,과학용품,1
16,809,기계장비,과학용품,1
16,810,기계장비,과학용품,1
16,811,기계장비,과학용품,1
16,1305,기계제작3,NA,6
16,773,전기전자제품,가전제품(전기전자제품),1
17,994,기계장비,의료,1
17,1002,기계장비,의료,1
17,1003,기계장비,의료,1
17,765,전기전자제품,가전제품(전기전자제품),1
17,1164,전자전기제품,회로,1
17,1308,회로설계,NA,1
18,1164,전자전기제품,회로,1
18,1058,조명및전구,조명제품,1
18,1060,조명및전구,조명제품,1
19,815,금속제품,귀금속,1
19,817,금속제품,귀금속,1
19,865,박스,박스,1
20,953,금속자재,스테인리스,1
20,817,금속제품,귀금속,1
20,863,박스,박스,1
20,864,박스,박스,1
20,964,비철금속자재,알루미늄,1
21,816,금속제품,귀금속,1
21,817,금속제품,귀금속,1
22,754,전기전자제품,가전제품(전기전자제품),1
22,758,전기전자제품,가전제품(전기전자제품),1
22,760,전기전자제품,가전제품(전기전자제품),1
22,764,전기전자제품,가전제품(전기전자제품),1
22,771,전기전자제품,가전제품(전기전자제품),1
22,1095,케이스,케이스,1
23,807,기계장비,과학용품,1
23,808,기계장비,과학용품,1
23,1055,전기전자자재,전선,1
23,767,전기전자제품,가전제품(전기전자제품),1
23,773,전기전자제품,가전제품(전기전자제품),1
23,754,전기전자제품,가전제품(전기전자제품),1
24,807,기계장비,과학용품,1
24,810,기계장비,과학용품,1
25,807,기계장비,과학용품,1
25,994,기계장비,의료,1
25,1002,기계장비,의료,1
25,1003,기계장비,의료,1
25,765,전기전자제품,가전제품(전기전자제품),1
26,978,건축자재,위생용도자기,1
26,994,기계장비,의료,1
26,996,기계장비,의료,1
26,1000,기계장비,의료,1
26,1002,기계장비,의료,1
27,994,기계장비,의료,1
27,807,기계장비,과학용품,1
27,995,기계장비,의료,1
27,1002,기계장비,의료,1
27,1003,기계장비,의료,1
27,1005,기계장비,의료,1
27,1133,전기전자자재,퓨즈(휴즈),1
27,765,전기전자제품,가전제품(전기전자제품),2
27,1090,전기전자제품,컨버터및인버터,1
28,793,기계장비,공구,1
28,794,기계장비,공구,1
28,773,전기전자제품,가전제품(전기전자제품),1
29,793,기계장비,공구,1
29,794,기계장비,공구,1
29,799,기계장비,공구,1
29,800,기계장비,공구,1
29,773,전기전자제품,가전제품(전기전자제품),1
30,1020,금속제품,자석,1
31,848,간판및광고물,명판,3
31,1020,금속제품,자석,1
31,1273,기계제작1,NA,1
31,1277,기계제작2,NA,1
31,1298,인쇄,NA,1
31,1309,,NA,1
32,1020,금속제품,자석,1
33,1020,금속제품,자석,1
33,1025,금속제품,자석,1
33,1026,금속제품,자석,1
33,988,유리자재,유리,1
34,1331,기계제작2,NA,1
34,988,유리자재,유리,1
34,1306,인쇄,NA,1
34,1093,케이스,케이스,3
34,1167,,,1
34,1317,,NA,1
36,848,간판및광고물,명판,2
36,1128,간판및광고물,표지판,2
36,1331,기계제작2,NA,4
36,1306,인쇄,NA,4
36,1093,케이스,케이스,2
36,958,플라스틱자재,아크릴,2
37,917,금속자재,부품,1
37,1040,전기전자자재,전선,1
37,1044,전기전자자재,전선,1
37,1045,전기전자자재,전선,1
37,1054,전기전자자재,전선,1
37,1058,조명및전구,조명제품,1
37,1060,조명및전구,조명제품,1
37,1074,조명및전구,조명제품,1
37,1326,조명및전구,조명제품,1
37,1253,,,1
38,852,기계장비,모터,1
38,1168,,,1
38,1169,,,1
39,1065,조명및전구,조명제품,1
39,1070,조명및전구,조명제품,1
39,1077,조명및전구,조명제품,1
39,1081,조명및전구,조명제품,1
39,1326,조명및전구,조명제품,1
40,935,금속자재,부품,1
40,779,전기전자제품,가전제품(전기전자제품),1
40,860,전기전자제품,미터(메타),1
40,1175,,,1
40,1184,,,1
41,793,기계장비,공구,1
41,794,기계장비,공구,1
41,799,기계장비,공구,1
41,800,기계장비,공구,1
41,807,기계장비,과학용품,1
42,807,기계장비,과학용품,1
42,762,전기전자제품,가전제품(전기전자제품),1
42,763,전기전자제품,가전제품(전기전자제품),1
42,1170,,,1
43,873,금속제품,밸브,1
43,800,기계장비,공구,1
43,807,기계장비,과학용품,1
43,1195,,,1
44,793,기계장비,공구,1
44,794,기계장비,공구,1
44,799,기계장비,공구,1
44,800,기계장비,공구,1
44,806,기계장비,과학용품,1
44,807,기계장비,과학용품,1
44,809,기계장비,과학용품,1
44,810,기계장비,과학용품,1
44,811,기계장비,과학용품,1
44,1313,기계제작3,NA,6
44,773,전기전자제품,가전제품(전기전자제품),1
45,807,기계장비,과학용품,1
45,810,기계장비,과학용품,1
46,935,금속자재,부품,1
46,819,금속자재,금속,1
46,793,기계장비,공구,1
46,800,기계장비,공구,1
46,1055,전기전자자재,전선,1
46,1056,전기전자자재,전선,1
47,804,기계장비,공구,1
47,793,기계장비,공구,1
47,794,기계장비,공구,1
47,799,기계장비,공구,1
47,800,기계장비,공구,1
47,1056,전기전자자재,전선,1
48,819,금속자재,금속,1
48,1149,금속자재,합금,1
48,1036,전기전자자재,전선,1
48,1223,,,1
49,819,금속자재,금속,1
49,911,금속자재,부품,1
49,793,기계장비,공구,1
49,800,기계장비,공구,1
49,1091,기계장비,컴프레셔(콤프레샤),1
49,1092,기계장비,컴프레셔(콤프레샤),1
49,1313,기계제작3,NA,4
49,753,기초화학물질,가스,1
50,819,금속자재,금속,1
50,1020,금속제품,자석,1
50,1021,금속제품,자석,1
50,1023,금속제품,자석,1
50,800,기계장비,공구,1
50,805,기계장비,공구,1
50,1308,,NA,3
51,1128,간판및광고물,표지판,1
51,1086,금속자재,커넥터,1
51,935,금속자재,부품,1
51,912,금속자재,부품,1
51,839,전기전자자재,단자,1
51,1055,전기전자자재,전선,1
51,1098,플라스틱자재,튜브,1
51,1171,,,1
51,1172,,,1
52,913,금속자재,부품,1
52,1033,전기전자자재,전선,1
52,1039,전기전자자재,전선,1
52,1055,전기전자자재,전선,1
52,1063,조명및전구,조명제품,1
52,1074,조명및전구,조명제품,1
52,1326,조명및전구,조명제품,1
53,848,간판및광고물,명판,3
53,1331,기계제작2,NA,2
53,1306,인쇄,NA,2
53,1055,전기전자자재,전선,1
53,1317,,NA,2
54,848,간판및광고물,명판,1
54,913,금속자재,부품,1
54,1093,케이스,케이스,1
54,1175,,,1
54,1174,,,1
54,1173,,,1
55,1103,금속자재,파이프,1
55,1038,전기전자자재,전선,1
55,1098,플라스틱자재,튜브,1
55,1187,,,1
56,931,금속자재,부품,1
56,1187,,,1
57,1090,전기전자제품,컨버터및인버터,1
57,1058,조명및전구,조명제품,1
57,1060,조명및전구,조명제품,1
57,1326,조명및전구,조명제품,1
57,1187,,,1
58,1273,기계제작1,NA,1
58,1277,기계제작2,NA,1
58,1298,인쇄,NA,1
58,1093,케이스,케이스,3
58,1308,회로설계,NA,2
58,1309,,NA,1
58,1187,,,1
58,1210,,,1
59,848,간판및광고물,명판,2
59,1128,간판및광고물,표지판,2
59,1273,기계제작1,NA,4
59,1277,기계제작2,NA,4
59,1298,인쇄,NA,4
59,1093,케이스,케이스,2
59,958,플라스틱자재,아크릴,2
59,1187,,,1
59,1212,,,1
60,1015,건축자재,인테리어철물,1
60,1215,,,1
61,1090,전기전자제품,컨버터및인버터,1
61,1177,,,1
61,1176,,,1
61,1206,,,1
61,1207,,,1
61,1208,,,1
62,935,금속자재,부품,1
62,804,기계장비,공구,1
62,762,전기전자제품,가전제품(전기전자제품),1
62,763,전기전자제품,가전제품(전기전자제품),1
62,1170,,,1
63,953,금속자재,스테인리스,1
63,863,박스,박스,1
63,864,박스,박스,1
63,964,비철금속자재,알루미늄,1
64,1282,기계제작2,NA,1
64,864,박스,박스,1
64,868,박스,박스,1
64,1286,부품제작,NA,1
64,1141,플라스틱자재,필름,1
64,1300,후처리2,NA,1
65,849,간판및광고물,명판,1
65,1129,간판및광고물,표지판,1
65,1192,,,1
65,1193,,,1
65,1222,,,1
66,1179,,,2
66,1178,,,2
67,936,금속자재,부품,1
67,764,전기전자제품,가전제품(전기전자제품),1
68,863,박스,박스,1
68,764,전기전자제품,가전제품(전기전자제품),1
68,1096,케이스,케이스,1
69,1090,전기전자제품,컨버터및인버터,1
69,1097,플라스틱자재,튜브,1
69,1194,,,1
69,1195,,,1
70,848,간판및광고물,명판,1
70,913,금속자재,부품,1
70,1093,케이스,케이스,1
70,1186,,,1
71,935,금속자재,부품,1
71,779,전기전자제품,가전제품(전기전자제품),1
71,1186,,,1
72,1176,,,1
72,1186,,,1
73,1210,,,1
73,1186,,,1
74,839,전기전자자재,단자,1
74,1186,,,1
75,926,금속자재,부품,1
75,1086,금속자재,커넥터,1
75,879,금속자재,베어링,1
75,880,금속자재,베어링,1
75,881,금속자재,베어링,1
75,1045,전기전자자재,전선,1
75,946,전기전자제품,센서,1
75,1186,,,1
76,860,전기전자제품,미터(메타),1
76,1175,,,1
76,1184,,,1
76,1220,,,1
77,913,금속자재,부품,1
77,1033,전기전자자재,전선,1
77,1039,전기전자자재,전선,1
77,1055,전기전자자재,전선,1
77,765,전기전자제품,가전제품(전기전자제품),1
78,1276,기계제작2,NA,1
78,765,전기전자제품,가전제품(전기전자제품),1
78,1307,,NA,1
79,765,전기전자제품,가전제품(전기전자제품),1
79,1226,,,1
79,1225,,,1
80,994,기계장비,의료,1
80,1003,기계장비,의료,1
80,1005,기계장비,의료,1
80,765,전기전자제품,가전제품(전기전자제품),2
81,908,부동산중개,부동산중개,1
81,773,전기전자제품,가전제품(전기전자제품),1
81,1174,,,1
81,1210,,,1
82,1086,금속자재,커넥터,1
82,1042,전기전자자재,전선,1
82,1044,전기전자자재,전선,1
82,1046,전기전자자재,전선,1
82,1180,,,1
82,1185,,,1
83,849,간판및광고물,명판,1
83,1129,간판및광고물,표지판,1
83,927,금속자재,부품,1
83,970,기초화학물질,우레탄,1
83,791,합성고무자재,고무,1
83,1155,화학섬유,합성섬유,1
83,1181,,,1
84,839,전기전자자재,단자,1
84,1180,,,1
84,1182,,,1
84,1172,,,1
84,1191,,,1
84,1190,,,1
85,978,건축자재,위생용도자기,1
85,1178,,,1
86,942,전기전자제품,센서,1
86,943,전기전자제품,센서,1
86,944,전기전자제품,센서,1
86,945,전기전자제품,센서,1
86,946,전기전자제품,센서,1
86,1264,,,1
86,1174,,,1
87,874,금속제품,밸브,1
87,951,전기전자자재,스위치,1
87,1333,전기전자자재,스위치,1
87,947,전기전자제품,센서,1
87,773,전기전자제품,가전제품(전기전자제품),1
87,1174,,,1
87,1210,,,1
88,1224,,,1
89,769,전기전자제품,가전제품(전기전자제품),1
89,1218,,,1
89,1219,,,1
90,915,금속자재,부품,1
90,930,금속자재,부품,1
90,929,금속자재,부품,1
90,874,금속제품,밸브,1
91,925,금속자재,부품,1
91,929,금속자재,부품,1
91,874,금속제품,밸브,1
91,1210,,,1
91,1213,,,1
92,911,금속자재,부품,1
92,1091,기계장비,컴프레셔(콤프레샤),1
92,1092,기계장비,컴프레셔(콤프레샤),1
92,1305,기계제작3,NA,4
92,753,기초화학물질,가스,1
92,1209,,,1
93,1095,케이스,케이스,1
94,994,기계장비,의료,1
94,996,기계장비,의료,1
94,1002,기계장비,의료,1
94,1093,케이스,케이스,1
95,996,기계장비,의료,1
95,863,박스,박스,1
95,867,박스,박스,1
95,1183,,,1
96,1087,금속자재,커넥터,1
96,1103,금속자재,파이프,1
96,1038,전기전자자재,전선,1
96,1098,플라스틱자재,튜브,1
97,924,금속자재,부품,1
97,875,금속제품,밸브,1
97,837,전기전자자재,단자,1
97,1184,,,1
98,1042,전기전자자재,전선,1
98,1044,전기전자자재,전선,1
98,1046,전기전자자재,전선,1
98,1185,,,1
98,1178,,,1
100,1086,금속자재,커넥터,1
100,814,금속제품,귀금속,1
100,815,금속제품,귀금속,1
100,816,금속제품,귀금속,1
100,817,금속제품,귀금속,1
100,1038,전기전자자재,전선,1
101,895,금속자재,"볼트,너트",1
101,864,박스,박스,1
101,868,박스,박스,1
101,1141,플라스틱자재,필름,1
102,920,금속자재,부품,1
102,1132,전기전자자재,퓨즈(휴즈),1
102,770,전기전자제품,가전제품(전기전자제품),1
102,1181,,,1
103,927,금속자재,부품,1
103,810,기계장비,과학용품,1
103,970,기초화학물질,우레탄,1
103,791,합성고무자재,고무,1
103,1155,화학섬유,합성섬유,1
103,1166,,,1
103,1167,,,1
103,1181,,,1
104,807,기계장비,과학용품,1
104,1201,,,1
104,1193,,,1
104,1222,,,1
105,1105,금속자재,파이프,1
105,1270,기계제작1,NA,5
105,985,유리자재,유리,1
105,988,유리자재,유리,1
105,989,유리자재,유리,1
105,1040,전기전자자재,전선,1
105,1050,전기전자자재,전선,1
105,1052,전기전자자재,전선,1
105,1155,화학섬유,합성섬유,1
105,1166,,,1
105,1185,,,1
106,1202,,,1
106,1199,,,1
106,1198,,,1
106,1200,,,1
107,958,플라스틱자재,아크릴,1
107,1300,회로설계,NA,2
107,1187,,,1
107,1210,,,1
108,848,간판및광고물,명판,3
108,1273,기계제작1,NA,2
108,1277,기계제작2,NA,2
108,1298,인쇄,NA,2
108,958,플라스틱자재,아크릴,1
108,1309,,NA,2
109,1126,간판및광고물,표지판,2
109,958,플라스틱자재,아크릴,2
109,1315,,NA,2
109,1210,,,1
110,848,간판및광고물,명판,2
110,1128,간판및광고물,표지판,2
110,1331,기계제작2,NA,4
110,964,비철금속자재,알루미늄,2
110,958,플라스틱자재,아크릴,2
110,1317,,NA,4
110,1167,,,1
111,1119,기계장비,펌프,1
111,1134,플라스틱자재,플라스틱,1
111,958,플라스틱자재,아크릴,1
111,959,플라스틱자재,아크릴,1
111,1140,플라스틱자재,플라스틱,1
111,1188,,,1
112,1118,기계장비,펌프,1
112,767,전기전자제품,가전제품(전기전자제품),1
112,1205,,,1
112,1204,,,1
113,997,기계장비,의료,1
113,839,전기전자자재,단자,1
113,1189,,,1
114,839,전기전자자재,단자,1
114,1180,,,1
114,1182,,,1
114,1172,,,1
115,1051,전기전자자재,전선,1
115,1155,화학섬유,합성섬유,1
115,1310,,NA,1
116,1119,기계장비,펌프,1
116,1276,기계제작2,NA,2
116,1241,,,2
116,1167,,,2
116,1307,,NA,2
116,1188,,,1
117,817,금속제품,귀금속,1
117,1191,,,1
117,1190,,,1
118,817,금속제품,귀금속,1
118,806,기계장비,과학용품,1
118,811,기계장비,과학용품,1
118,767,전기전자제품,가전제품(전기전자제품),1
118,770,전기전자제품,가전제품(전기전자제품),1
118,773,전기전자제품,가전제품(전기전자제품),1
118,774,전기전자제품,가전제품(전기전자제품),1
118,1188,,,1
119,815,금속제품,귀금속,1
119,817,금속제품,귀금속,1
119,1192,,,1
119,1193,,,1
119,1222,,,1
120,820,금속자재,금속,1
120,815,금속제품,귀금속,1
120,817,금속제품,귀금속,1
120,883,플라스틱자재,벨트,1
120,885,플라스틱자재,벨트,1
120,1165,,,1
121,1126,간판및광고물,표지판,2
121,816,금속제품,귀금속,1
121,817,금속제품,귀금속,1
121,958,플라스틱자재,아크릴,2
121,1307,,NA,2
122,926,금속자재,부품,1
122,1086,금속자재,커넥터,1
122,1045,전기전자자재,전선,1
122,946,전기전자제품,센서,1
122,958,플라스틱자재,아크릴,1
124,769,전기전자제품,가전제품(전기전자제품),1
124,1097,플라스틱자재,튜브,1
124,1194,,,1
124,1195,,,1
124,1197,,,1
125,770,전기전자제품,가전제품(전기전자제품),1
125,1065,조명및전구,조명제품,1
125,1070,조명및전구,조명제품,1
125,1077,조명및전구,조명제품,1
125,1081,조명및전구,조명제품,1
125,1326,조명및전구,조명제품,1
126,908,부동산중개,부동산중개,1
126,770,전기전자제품,가전제품(전기전자제품),1
126,1174,,,1
127,945,전기전자제품,센서,1
127,946,전기전자제품,센서,1
127,769,전기전자제품,가전제품(전기전자제품),1
127,770,전기전자제품,가전제품(전기전자제품),1
127,1196,,,1
127,1174,,,1
128,848,간판및광고물,명판,2
128,1128,간판및광고물,표지판,2
128,1273,기계제작1,NA,4
128,1277,기계제작2,NA,4
128,964,비철금속자재,알루미늄,2
128,770,전기전자제품,가전제품(전기전자제품),1
128,958,플라스틱자재,아크릴,2
128,1309,,NA,4
128,1195,,,1
129,1020,금속제품,자석,1
129,1021,금속제품,자석,1
129,1023,금속제품,자석,1
129,770,전기전자제품,가전제품(전기전자제품),1
129,773,전기전자제품,가전제품(전기전자제품),1
130,806,기계장비,과학용품,1
130,811,기계장비,과학용품,1
130,764,전기전자제품,가전제품(전기전자제품),1
130,767,전기전자제품,가전제품(전기전자제품),1
130,770,전기전자제품,가전제품(전기전자제품),1
130,773,전기전자제품,가전제품(전기전자제품),1
130,774,전기전자제품,가전제품(전기전자제품),1
130,1188,,,1
131,769,전기전자제품,가전제품(전기전자제품),1
131,861,플라스틱제품,바퀴,1
131,862,플라스틱제품,바퀴,1
131,1197,,,1
132,1073,조명및전구,조명제품,1
132,1199,,,1
132,1198,,,1
132,1200,,,1
133,874,금속제품,밸브,1
133,1333,전기전자자재,스위치,1
133,951,전기전자자재,스위치,1
133,947,전기전자제품,센서,1
133,958,플라스틱자재,아크릴,1
134,988,유리자재,유리,1
134,1201,,,1
134,1193,,,1
134,1222,,,1
135,984,유리자재,유리,1
135,988,유리자재,유리,1
135,1202,,,1
136,879,금속자재,베어링,1
136,880,금속자재,베어링,1
136,881,금속자재,베어링,1
136,1105,금속자재,파이프,1
136,1278,기계제작1,NA,5
136,985,유리자재,유리,1
136,988,유리자재,유리,1
136,989,유리자재,유리,1
136,1186,,,1
136,1166,,,1
137,911,금속자재,부품,1
137,938,금속자재,부품,1
137,988,유리자재,유리,1
137,1167,,,1
138,878,금속자재,베어링,1
138,997,기계장비,의료,1
138,1189,,,1
139,1276,기계제작2,NA,1
139,1167,,,1
140,1284,기계제작2,NA,2
140,773,전기전자제품,가전제품(전기전자제품),1
140,1241,,,2
140,1167,,,2
140,1315,,NA,2
141,799,기계장비,공구,1
141,1090,전기전자제품,컨버터및인버터,1
142,1270,기계제작1,NA,1
142,1090,전기전자제품,컨버터및인버터,1
142,1177,,,1
142,1176,,,1
143,1090,전기전자제품,컨버터및인버터,1
143,1193,,,1
143,1222,,,1
143,1217,,,1
143,1216,,,1
144,772,전기전자제품,가전제품(전기전자제품),1
144,1090,전기전자제품,컨버터및인버터,1
144,1221,,,1
145,1091,기계장비,컴프레셔(콤프레샤),1
145,801,기계장비,공구,1
145,802,기계장비,공구,1
145,1210,,,1
146,1058,조명및전구,조명제품,1
146,1060,조명및전구,조명제품,1
146,1326,조명및전구,조명제품,1
146,1210,,,1
147,1118,기계장비,펌프,1
147,767,전기전자제품,가전제품(전기전자제품),1
147,1205,,,1
147,1204,,,1
147,1210,,,1
148,793,기계장비,공구,1
148,794,기계장비,공구,1
148,1210,,,1
148,1253,,,1
149,770,전기전자제품,가전제품(전기전자제품),1
149,1090,전기전자제품,컨버터및인버터,1
149,1195,,,1
149,1210,,,1
151,1206,,,1
151,1207,,,1
151,1208,,,1
151,1202,,,1
152,861,플라스틱제품,바퀴,1
152,862,플라스틱제품,바퀴,1
152,1202,,,1
153,807,기계장비,과학용품,1
153,808,기계장비,과학용품,1
153,767,전기전자제품,가전제품(전기전자제품),1
153,773,전기전자제품,가전제품(전기전자제품),1
153,1058,조명및전구,조명제품,1
153,1060,조명및전구,조명제품,1
153,1326,조명및전구,조명제품,1
154,935,금속자재,부품,1
154,1058,조명및전구,조명제품,1
154,1060,조명및전구,조명제품,1
154,1080,조명및전구,조명제품,1
154,1030,조명및전구,전구,1
154,1326,조명및전구,조명제품,1
155,799,기계장비,공구,1
155,772,전기전자제품,가전제품(전기전자제품),1
156,799,기계장비,공구,1
157,799,기계장비,공구,2
157,797,기계장비,공구,1
157,776,전기전자제품,가전제품(전기전자제품),1
158,915,금속자재,부품,1
158,930,금속자재,부품,1
158,1020,금속제품,자석,1
159,1101,금속자재,파이프,1
159,773,전기전자제품,가전제품(전기전자제품),1
159,1238,,,1
159,1211,,,1
160,819,금속자재,금속,1
160,1149,금속자재,합금,1
160,773,전기전자제품,가전제품(전기전자제품),1
161,773,전기전자제품,가전제품(전기전자제품),1
161,1209,,,1
162,1040,전기전자자재,전선,1
162,1050,전기전자자재,전선,1
162,1052,전기전자자재,전선,1
162,773,전기전자제품,가전제품(전기전자제품),1
162,1155,화학섬유,합성섬유,1
162,1185,,,1
163,802,기계장비,공구,1
163,773,전기전자제품,가전제품(전기전자제품),1
163,1187,,,1
164,800,기계장비,공구,1
164,1090,전기전자제품,컨버터및인버터,1
164,1187,,,1
165,895,금속자재,"볼트,너트",1
165,942,전기전자제품,센서,1
165,943,전기전자제품,센서,1
165,944,전기전자제품,센서,1
165,945,전기전자제품,센서,1
165,946,전기전자제품,센서,1
165,1174,,,1
166,1210,,,1
166,1184,,,1
167,931,금속자재,부품,1
167,1040,전기전자자재,전선,1
167,1044,전기전자자재,전선,1
167,1045,전기전자자재,전선,1
167,1054,전기전자자재,전선,1
168,1193,,,1
168,1222,,,1
169,1193,,,1
169,1222,,,1
169,1200,,,1
170,1091,기계장비,컴프레셔(콤프레샤),1
170,801,기계장비,공구,1
170,802,기계장비,공구,1
170,1211,,,1
171,911,금속자재,부품,1
171,917,금속자재,부품,1
171,753,기초화학물질,가스,1
171,1058,조명및전구,조명제품,1
171,1060,조명및전구,조명제품,1
171,1074,조명및전구,조명제품,1
171,1326,조명및전구,조명제품,1
171,1204,,,1
171,1253,,,1
172,1063,조명및전구,조명제품,1
172,1074,조명및전구,조명제품,1
172,1326,조명및전구,조명제품,1
172,1187,,,1
173,797,기계장비,공구,1
173,799,기계장비,공구,1
173,776,전기전자제품,가전제품(전기전자제품),1
173,1187,,,1
173,1212,,,1
174,929,금속자재,부품,1
174,874,금속제품,밸브,1
174,810,기계장비,과학용품,1
174,1166,,,1
174,1167,,,1
175,925,금속자재,부품,1
175,929,금속자재,부품,1
175,874,금속제품,밸브,1
175,1090,전기전자제품,컨버터및인버터,1
175,1213,,,1
176,1086,금속자재,커넥터,1
176,1038,전기전자자재,전선,1
177,1086,금속자재,커넥터,1
177,1214,,,1
177,1180,,,1
178,920,금속자재,부품,1
178,1086,금속자재,커넥터,1
178,1132,전기전자자재,퓨즈(휴즈),1
178,839,전기전자자재,단자,1
178,1181,,,1
179,1086,금속자재,커넥터,2
179,1184,,,2
180,1055,전기전자자재,전선,1
180,1175,,,1
180,1174,,,1
180,1173,,,1
181,1055,전기전자자재,전선,1
181,1164,전자전기제품,회로,1
181,1300,회로설계,NA,1
182,1107,금속자재,팬,1
182,1108,금속자재,팬,1
182,1110,금속자재,팬,1
182,998,기계장비,의료,1
182,1001,기계장비,의료,1
182,1055,전기전자자재,전선,1
182,1223,,,1
183,1128,간판및광고물,표지판,1
183,1086,금속자재,커넥터,1
183,935,금속자재,부품,1
183,839,전기전자자재,단자,1
183,1055,전기전자자재,전선,1
183,1098,플라스틱자재,튜브,1
183,1171,,,1
183,1172,,,1
184,935,금속자재,부품,1
184,1055,전기전자자재,전선,1
184,1056,전기전자자재,전선,1
185,935,금속자재,부품,1
185,1051,전기전자자재,전선,1
185,779,전기전자제품,가전제품(전기전자제품),1
186,1107,금속자재,팬,1
186,1155,화학섬유,합성섬유,1
186,1187,,,1
186,1174,,,1
186,1178,,,1
186,1318,,NA,1
187,780,간판및광고물,간판,1
187,804,기계장비,공구,1
187,1056,전기전자자재,전선,1
187,1058,조명및전구,조명제품,1
187,1060,조명및전구,조명제품,1
188,935,금속자재,부품,1
188,852,기계장비,모터,1
188,779,전기전자제품,가전제품(전기전자제품),1
189,1086,금속자재,커넥터,1
189,935,금속자재,부품,1
189,804,기계장비,공구,1
189,839,전기전자자재,단자,1
190,924,금속자재,부품,1
190,936,금속자재,부품,1
190,875,금속제품,밸브,1
190,837,전기전자자재,단자,1
192,1087,금속자재,커넥터,1
192,1211,,,1
193,883,플라스틱자재,벨트,1
193,885,플라스틱자재,벨트,1
193,1210,,,1
193,1253,,,1
193,1165,,,1
194,1020,금속제품,자석,1
194,1025,금속제품,자석,1
194,1026,금속제품,자석,1
194,1175,,,1
194,1174,,,1
194,1173,,,1
195,773,전기전자제품,가전제품(전기전자제품),1
195,1175,,,1
195,1174,,,1
195,1173,,,1
196,911,금속자재,부품,1
196,753,기초화학물질,가스,1
196,1204,,,1
197,911,금속자재,부품,1
197,938,금속자재,부품,1
197,770,전기전자제품,가전제품(전기전자제품),1
197,1174,,,1
198,1186,,,1
198,1196,,,1
199,995,기계장비,의료,1
199,1002,기계장비,의료,1
199,1003,기계장비,의료,1
199,1005,기계장비,의료,1
199,765,전기전자제품,가전제품(전기전자제품),1
199,768,전기전자제품,가전제품(전기전자제품),1
199,1186,,,1
200,1211,,,1
201,1090,전기전자제품,컨버터및인버터,1
201,1211,,,1
202,1164,전자전기제품,회로,1
202,1326,조명및전구,조명제품,1
203,1126,간판및광고물,표지판,1
203,848,간판및광고물,명판,1
203,1129,간판및광고물,표지판,1
203,1306,인쇄,NA,3
203,945,전기전자제품,센서,1
203,946,전기전자제품,센서,1
203,769,전기전자제품,가전제품(전기전자제품),1
203,770,전기전자제품,가전제품(전기전자제품),1
203,1174,,,1
204,807,기계장비,과학용품,1
204,1167,,,1
205,1326,조명및전구,조명제품,1
205,1186,,,1
206,1030,조명및전구,전구,1
206,1186,,,1
207,873,금속제품,밸브,1
207,807,기계장비,과학용품,1
207,1284,기계제작2,NA,1
207,958,플라스틱자재,아크릴,1
207,1195,,,1
208,764,전기전자제품,가전제품(전기전자제품),1
208,1058,조명및전구,조명제품,1
208,1060,조명및전구,조명제품,1
208,1030,조명및전구,전구,1
208,1223,,,1
209,934,금속자재,부품,1
209,770,전기전자제품,가전제품(전기전자제품),1
209,773,전기전자제품,가전제품(전기전자제품),1
209,1217,,,1
210,1090,전기전자제품,컨버터및인버터,1
210,1217,,,1
210,1216,,,1
210,1226,,,1
210,1225,,,1
211,865,박스,박스,1
211,1226,,,1
211,1225,,,1
212,799,기계장비,공구,1
213,1087,금속자재,커넥터,1
213,1325,,NA,2
213,1238,,,1
214,1218,,,1
214,1219,,,1
214,1227,,,1
215,1036,전기전자자재,전선,1
215,1090,전기전자제품,컨버터및인버터,1
215,1210,,,1
215,1223,,,1
217,1020,금속제품,자석,1
218,818,금속자재,금속,1
218,1020,금속제품,자석,1
218,1326,조명및전구,조명제품,1
218,1228,,,1
219,1164,전자전기제품,회로,1
219,1058,조명및전구,조명제품,1
219,1060,조명및전구,조명제품,1
219,1061,조명및전구,조명제품,1
219,1326,조명및전구,조명제품,1
219,1220,,,1
220,976,건축자재,위생용도자기,1
220,983,건축자재,위생용도자기,1
220,1090,전기전자제품,컨버터및인버터,1
220,1221,,,1
221,799,기계장비,공구,1
221,1298,인쇄,NA,1
222,802,기계장비,공구,1
222,773,전기전자제품,가전제품(전기전자제품),1
222,1264,,,1
223,912,금속자재,부품,1
223,1253,,,1
224,815,금속제품,귀금속,1
224,816,금속제품,귀금속,1
224,817,금속제품,귀금속,1
224,1164,전자전기제품,회로,1
224,1058,조명및전구,조명제품,1
224,1060,조명및전구,조명제품,1
225,1014,건축자재,인테리어제품,1
225,1296,시공,NA,3
225,1095,케이스,케이스,1
225,1193,,,1
225,1222,,,1
225,1200,,,1
225,1256,,,1
226,1014,건축자재,인테리어제품,1
226,1055,전기전자자재,전선,1
226,754,전기전자제품,가전제품(전기전자제품),1
227,848,간판및광고물,명판,4
227,1275,기계제작1,NA,2
227,1274,기계제작1,NA,2
227,1331,기계제작2,NA,2
227,1055,전기전자자재,전선,1
227,1229,,,4
227,1328,,NA,2
228,848,간판및광고물,명판,2
228,1278,기계제작1,NA,1
228,1284,기계제작2,NA,1
228,1055,전기전자자재,전선,1
228,1223,,,1
229,1014,건축자재,인테리어제품,1
229,1095,케이스,케이스,1
229,1224,,,1
230,1326,조명및전구,조명제품,2
230,1058,조명및전구,조명제품,1
230,1060,조명및전구,조명제품,1
230,1068,조명및전구,조명제품,1
230,1029,조명및전구,전구,1
230,1030,조명및전구,전구,1
230,1031,조명및전구,전구,1
230,1032,조명및전구,전구,1
231,1073,조명및전구,조명제품,1
232,1058,조명및전구,조명제품,1
232,1059,조명및전구,조명제품,1
232,1060,조명및전구,조명제품,1
233,1058,조명및전구,조명제품,1
233,1060,조명및전구,조명제품,1
234,904,금속자재,봉,1
234,1043,전기전자자재,전선,1
234,876,전기전자자재,버스바(부스바),1
234,1256,,,1
234,1226,,,1
235,780,간판및광고물,간판,2
235,784,간판및광고물,간판,2
235,1272,기계제작1,NA,1
235,1302,후처리2,NA,2
235,1318,,NA,2
236,1326,조명및전구,조명제품,2
237,1064,조명및전구,조명제품,1
237,1065,조명및전구,조명제품,1
237,1077,조명및전구,조명제품,1
237,1080,조명및전구,조명제품,1
237,1326,조명및전구,조명제품,1
238,1058,조명및전구,조명제품,2
238,1060,조명및전구,조명제품,2
238,1326,조명및전구,조명제품,2
238,1081,조명및전구,조명제품,1
239,1030,조명및전구,전구,1
239,1058,조명및전구,조명제품,1
239,1060,조명및전구,조명제품,1
239,1326,조명및전구,조명제품,1
240,1244,,,1
241,892,금속자재,"볼트,너트",1
241,910,금속자재,부품,1
241,893,금속자재,"볼트,너트",1
241,894,금속자재,"볼트,너트",1
241,896,금속자재,"볼트,너트",1
241,897,금속자재,"볼트,너트",1
241,799,기계장비,공구,1
241,803,기계장비,공구,1
241,1058,조명및전구,조명제품,1
241,1060,조명및전구,조명제품,1
244,1058,조명및전구,조명제품,1
244,1060,조명및전구,조명제품,1
244,1253,,,1
245,1058,조명및전구,조명제품,2
245,1060,조명및전구,조명제품,2
245,1326,조명및전구,조명제품,2
246,1058,조명및전구,조명제품,1
246,1060,조명및전구,조명제품,1
246,1064,조명및전구,조명제품,1
246,1065,조명및전구,조명제품,1
246,1077,조명및전구,조명제품,1
246,1080,조명및전구,조명제품,1
246,1326,조명및전구,조명제품,1
247,1326,조명및전구,조명제품,2
248,910,금속자재,부품,1
249,1068,조명및전구,조명제품,1
249,1326,조명및전구,조명제품,1
249,1244,,,1
249,1223,,,1
250,976,건축자재,위생용도자기,1
250,983,건축자재,위생용도자기,1
250,807,기계장비,과학용품,1
250,1167,,,1
251,1014,건축자재,인테리어제품,1
251,954,금속자재,스테인리스,1
251,1294,용접,NA,2
251,1326,조명및전구,조명제품,1
252,1326,조명및전구,조명제품,1
253,848,간판및광고물,명판,2
253,1272,기계제작1,NA,3
253,1326,조명및전구,조명제품,1
253,1294,후처리2,NA,3
254,902,금속자재,봉,1
254,1058,조명및전구,조명제품,1
254,1060,조명및전구,조명제품,1
254,1065,조명및전구,조명제품,1
254,1326,조명및전구,조명제품,1
255,1058,조명및전구,조명제품,2
255,1060,조명및전구,조명제품,2
255,1074,조명및전구,조명제품,1
255,1065,조명및전구,조명제품,1
255,1079,조명및전구,조명제품,1
256,1058,조명및전구,조명제품,2
256,1060,조명및전구,조명제품,2
257,848,간판및광고물,명판,2
257,983,건축자재,위생용도자기,1
257,921,금속자재,부품,1
257,922,금속자재,부품,1
257,1273,기계제작1,NA,1
257,1277,기계제작2,NA,1
257,1295,후처리2,NA,1
258,1246,,,1
258,1236,,,1
259,793,기계장비,공구,1
259,797,기계장비,공구,1
259,1208,,,1
260,1266,금속제품,금속,2
260,1282,기계제작2,NA,1
260,1294,용접,NA,1
260,1234,,,1
260,1236,,,1
261,793,기계장비,공구,1
261,798,기계장비,공구,1
261,799,기계장비,공구,1
262,863,박스,박스,1
262,1306,인쇄,NA,3
262,1058,조명및전구,조명제품,1
262,1060,조명및전구,조명제품,1
262,1326,조명및전구,조명제품,1
262,1233,,,1
262,1232,,,1
263,1266,금속제품,금속,1
263,1223,,,1
263,1317,,NA,1
264,1266,금속제품,금속,1
264,1278,기계제작1,NA,1
264,1029,조명및전구,전구,1
264,1030,조명및전구,전구,1
264,1228,,,1
265,934,금속자재,부품,1
265,1217,,,1
265,1226,,,1
265,1225,,,1
266,917,금속자재,부품,1
266,1055,전기전자자재,전선,1
266,1158,플라스틱자재,호스,1
266,1159,플라스틱자재,호스,1
266,1160,플라스틱자재,호스,1
266,1161,플라스틱자재,호스,1
266,1163,플라스틱자재,호스,1
266,1253,,,1
266,1223,,,1
267,848,간판및광고물,명판,3
267,1274,기계제작1,NA,1
267,1326,조명및전구,조명제품,1
267,1298,후처리2,NA,1
267,1317,,NA,1
268,1055,전기전자자재,전선,1
268,1326,조명및전구,조명제품,1
268,1223,,,1
269,781,간판및광고물,간판,1
269,782,간판및광고물,간판,1
269,783,간판및광고물,간판,1
269,793,기계장비,공구,1
269,958,플라스틱자재,아크릴,1
269,1302,후처리2,NA,4
269,1252,,,1
270,976,건축자재,위생용도자기,1
270,983,건축자재,위생용도자기,1
270,840,금속자재,망,1
270,842,금속자재,망,1
270,843,금속자재,망,1
270,844,금속자재,망,1
271,976,건축자재,위생용도자기,1
271,983,건축자재,위생용도자기,1
271,842,금속자재,망,1
271,1047,전기전자자재,전선,1
271,1053,전기전자자재,전선,1
272,1017,건축자재,인테리어철물,1
272,793,기계장비,공구,1
272,1306,인쇄,NA,2
272,958,플라스틱자재,아크릴,1
273,1266,금속제품,금속,1
273,1058,조명및전구,조명제품,1
273,1060,조명및전구,조명제품,1
273,1030,조명및전구,전구,1
273,1224,,,1
273,1253,,,1
273,1223,,,1
273,1319,,NA,1
274,906,금속자재,봉,1
274,1138,플라스틱자재,플라스틱,1
274,1240,,,1
274,1247,,,1
275,1014,건축자재,인테리어제품,2
275,1311,시공,NA,1
275,1294,용접,NA,1
276,1326,조명및전구,조명제품,2
276,1066,조명및전구,조명제품,1
276,1071,조명및전구,조명제품,1
276,1081,조명및전구,조명제품,1
277,1058,조명및전구,조명제품,1
277,1060,조명및전구,조명제품,1
277,1256,,,1
278,1058,조명및전구,조명제품,1
278,1060,조명및전구,조명제품,1
278,1249,,,1
279,983,건축자재,위생용도자기,1
279,921,금속자재,부품,1
279,922,금속자재,부품,1
280,976,건축자재,위생용도자기,1
280,1246,,,1
280,1236,,,1
281,789,합성고무자재,고무,1
281,1154,화학섬유,합성섬유,1
281,956,화학섬유,스폰지,1
281,1247,,,1
284,1055,전기전자자재,전선,1
284,1234,,,1
284,1236,,,1
284,1253,,,1
284,1223,,,1
285,906,금속자재,봉,1
285,1138,플라스틱자재,플라스틱,1
285,1247,,,1
286,1231,,,1
286,1230,,,1
287,1326,조명및전구,조명제품,1
288,1273,기계제작1,NA,2
288,1277,기계제작2,NA,2
288,964,비철금속자재,알루미늄,2
288,958,플라스틱자재,아크릴,2
288,1309,,NA,2
288,1235,,,1
289,848,간판및광고물,명판,1
289,988,유리자재,유리,1
289,958,플라스틱자재,아크릴,1
289,1217,,,1
289,1236,,,1
290,1234,,,1
291,835,전기전자자재,단자,1
291,836,전기전자자재,단자,1
292,954,금속자재,스테인리스,1
292,863,박스,박스,1
292,1326,조명및전구,조명제품,1
292,1319,,NA,2
293,935,금속자재,부품,1
293,1253,,,1
294,799,기계장비,공구,2
295,1266,금속제품,금속,2
295,1267,금속제품,비금속,2
295,1279,기계제작1,NA,2
295,1280,기계제작1,NA,2
295,1226,,,1
295,1225,,,1
296,842,금속자재,망,1
296,1231,,,1
296,1230,,,1
297,1240,,,1
297,1217,,,1
297,1236,,,1
298,916,금속자재,부품,1
298,1317,,NA,1
298,1237,,,1
299,848,간판및광고물,명판,4
299,1014,건축자재,인테리어제품,1
299,1104,금속자재,파이프,1
299,873,금속제품,밸브,1
299,1276,기계제작2,NA,3
299,964,비철금속자재,알루미늄,4
299,1298,인쇄,NA,3
299,756,전기전자제품,가전제품(전기전자제품),1
299,958,플라스틱자재,아크릴,4
299,1309,,NA,3
300,1020,금속제품,자석,1
300,1021,금속제품,자석,1
300,1023,금속제품,자석,1
300,1024,금속제품,자석,1
300,1027,금속제품,자석,1
300,1028,금속제품,자석,1
300,795,기계장비,공구,1
301,793,기계장비,공구,1
301,797,기계장비,공구,1
301,1030,조명및전구,전구,1
301,1326,조명및전구,조명제품,1
301,1208,,,1
301,1223,,,1
302,799,기계장비,공구,1
302,1328,,NA,2
302,1243,,,1
302,1229,,,1
303,764,전기전자제품,가전제품(전기전자제품),1
304,799,기계장비,공구,1
304,1178,,,1
305,1090,전기전자제품,컨버터및인버터,1
305,1058,조명및전구,조명제품,1
305,1060,조명및전구,조명제품,1
305,1227,,,1
305,1220,,,1
306,917,금속자재,부품,1
306,1131,금속자재,풀리,1
306,825,기계장비,기어,1
306,829,기계장비,기어,1
306,831,기계장비,기어,1
306,832,기계장비,기어,1
306,1158,플라스틱자재,호스,1
306,1159,플라스틱자재,호스,1
306,1160,플라스틱자재,호스,1
306,1161,플라스틱자재,호스,1
306,1163,플라스틱자재,호스,1
307,767,전기전자제품,가전제품(전기전자제품),1
307,775,전기전자제품,가전제품(전기전자제품),1
307,1205,,,1
308,780,간판및광고물,간판,1
308,1266,금속제품,금속,1
308,795,기계장비,공구,1
308,1302,후처리2,NA,2
309,793,기계장비,공구,1
310,976,건축자재,위생용도자기,1
310,767,전기전자제품,가전제품(전기전자제품),1
310,775,전기전자제품,가전제품(전기전자제품),1
310,1205,,,1
311,904,금속자재,봉,3
311,1274,기계제작1,NA,2
311,789,합성고무자재,고무,1
311,956,화학섬유,스폰지,1
311,1239,,,3
311,1319,,NA,2
312,863,박스,박스,1
312,1298,인쇄,NA,2
312,1326,조명및전구,조명제품,1
312,958,플라스틱자재,아크릴,1
313,1018,건축자재,인테리어철물,1
313,1334,금속자재,철,1
313,793,기계장비,공구,1
313,1289,후처리1,NA,3
314,780,간판및광고물,간판,1
315,857,건축자재,목제품,1
315,807,기계장비,과학용품,1
315,1004,기계장비,의료,1
315,1005,기계장비,의료,1
315,755,전기전자제품,가전제품(전기전자제품),1
315,765,전기전자제품,가전제품(전기전자제품),1
315,774,전기전자제품,가전제품(전기전자제품),1
315,1248,,,1
316,1334,금속자재,철,1
317,851,기계장비,모터,1
317,1091,기계장비,컴프레셔(콤프레샤),1
317,988,유리자재,유리,1
317,1090,전기전자제품,컨버터및인버터,1
317,1210,,,1
317,1212,,,1
318,976,건축자재,위생용도자기,1
318,983,건축자재,위생용도자기,1
318,1266,금속제품,금속,1
318,1282,기계제작2,NA,1
319,958,플라스틱자재,아크릴,1
319,1240,,,1
320,976,건축자재,위생용도자기,1
320,983,건축자재,위생용도자기,1
320,1268,기계장비,공작기계,1
321,976,건축자재,위생용도자기,1
321,983,건축자재,위생용도자기,1
321,1266,금속제품,금속,2
321,1331,기계제작2,NA,1
321,1328,,NA,1
322,980,건축자재,위생용도자기,1
322,983,건축자재,위생용도자기,1
323,887,건축자재,벽지및장판,1
323,1223,,,1
324,1128,간판및광고물,표지판,1
324,976,건축자재,위생용도자기,1
324,983,건축자재,위생용도자기,1
324,991,건축자재,유리및창호,1
324,954,금속자재,스테인리스,1
325,976,건축자재,위생용도자기,1
325,983,건축자재,위생용도자기,1
325,907,금속자재,봉,1
325,1241,,,1
325,1238,,,1
326,976,건축자재,위생용도자기,1
326,983,건축자재,위생용도자기,1
326,1242,,,1
327,976,건축자재,위생용도자기,1
327,983,건축자재,위생용도자기,1
327,1266,금속제품,금속,1
328,1018,건축자재,인테리어철물,1
328,937,금속자재,부품,1
328,1043,전기전자자재,전선,1
328,876,전기전자자재,버스바(부스바),1
328,1256,,,1
328,1226,,,1
329,780,간판및광고물,간판,2
329,954,금속자재,스테인리스,3
329,821,금속자재,금속,1
329,896,금속자재,"볼트,너트",1
329,795,기계장비,공구,1
329,1294,용접,NA,2
329,1328,,NA,2
329,1240,,,1
330,928,금속자재,부품,1
330,841,금속자재,망,1
330,842,금속자재,망,1
330,843,금속자재,망,1
330,844,금속자재,망,1
330,789,합성고무자재,고무,1
330,792,합성고무자재,고무,1
331,848,간판및광고물,명판,4
331,1334,금속자재,철,1
331,1284,기계제작2,NA,3
331,1279,부품제작,NA,1
331,964,비철금속자재,알루미늄,4
331,1306,인쇄,NA,3
331,958,플라스틱자재,아크릴,4
331,1317,,NA,3
332,928,금속자재,부품,1
332,841,금속자재,망,1
332,842,금속자재,망,1
332,843,금속자재,망,1
332,844,금속자재,망,1
332,1210,,,1
333,976,건축자재,위생용도자기,1
333,983,건축자재,위생용도자기,1
333,821,금속자재,금속,1
333,1256,,,1
335,1271,기계제작1,NA,1
335,1272,기계제작1,NA,1
335,1243,,,1
335,1229,,,1
338,1013,건축자재,인테리어제품,1
338,1014,건축자재,인테리어제품,1
338,1294,용접,NA,3
339,1017,건축자재,인테리어철물,3
339,1014,건축자재,인테리어제품,3
339,1083,금속자재,철,3
339,1280,부품제작,NA,3
339,1286,용접,NA,3
339,1229,,,1
340,821,금속자재,금속,1
340,1294,용접,NA,3
340,1326,조명및전구,조명제품,1
340,1328,,NA,1
340,1313,,NA,1
340,1239,,,1
341,848,간판및광고물,명판,3
341,1273,기계제작1,NA,2
341,1277,기계제작2,NA,2
341,964,비철금속자재,알루미늄,3
341,1298,인쇄,NA,2
341,1309,,NA,2
342,780,간판및광고물,간판,2
342,976,건축자재,위생용도자기,1
342,983,건축자재,위생용도자기,1
342,954,금속자재,스테인리스,2
342,1286,용접,NA,2
342,1306,,NA,2
343,1014,건축자재,인테리어제품,1
343,1331,기계제작2,NA,2
343,964,비철금속자재,알루미늄,2
343,1288,시공,NA,3
343,1095,케이스,케이스,1
343,958,플라스틱자재,아크릴,2
343,1317,,NA,2
343,1256,,,1
344,954,금속자재,스테인리스,1
344,1272,기계제작1,NA,2
344,1275,기계제작1,NA,2
344,1247,,,1
344,1243,,,1
344,1229,,,1
345,1274,기계제작2,NA,1
345,1058,조명및전구,조명제품,1
345,1060,조명및전구,조명제품,1
345,1081,조명및전구,조명제품,1
345,1306,,NA,1
346,1129,간판및광고물,표지판,1
346,1157,간판및광고물,현수막,1
346,904,금속자재,봉,1
346,1306,인쇄,NA,2
347,1066,조명및전구,조명제품,1
347,1071,조명및전구,조명제품,1
347,1081,조명및전구,조명제품,1
347,1326,조명및전구,조명제품,1
347,1313,,NA,1
348,1245,,,1
348,1244,,,1
349,1276,기계제작2,NA,1
349,1274,기계제작2,NA,1
349,1326,조명및전구,조명제품,1
350,1270,기계제작1,NA,1
350,1186,,,1
352,1266,금속제품,금속,2
352,1282,기계제작2,NA,1
352,1294,용접,NA,1
353,892,금속자재,"볼트,너트",1
353,910,금속자재,부품,1
353,893,금속자재,"볼트,너트",1
353,894,금속자재,"볼트,너트",1
353,896,금속자재,"볼트,너트",1
353,897,금속자재,"볼트,너트",1
353,799,기계장비,공구,1
353,803,기계장비,공구,1
354,1266,금속제품,금속,2
354,1267,금속제품,비금속,2
354,1280,기계제작1,NA,2
354,940,전기전자제품,분전반및배전반,1
354,1319,,NA,2
354,1183,,,1
355,916,금속자재,부품,1
355,1237,,,1
356,954,금속자재,스테인리스,1
356,1266,금속제품,금속,1
356,1280,기계제작1,NA,1
356,863,박스,박스,1
356,1311,,NA,2
358,793,기계장비,공구,1
359,1017,건축자재,인테리어철물,1
359,793,기계장비,공구,1
359,1282,기계제작2,NA,4
359,958,플라스틱자재,아크릴,1
359,1245,,,1
360,794,기계장비,공구,1
361,821,금속자재,금속,1
361,1286,용접,NA,3
361,1326,조명및전구,조명제품,2
361,1239,,,1
362,883,플라스틱자재,벨트,1
362,884,플라스틱자재,벨트,1
362,1156,플라스틱제품,핸들,1
363,1240,,,1
363,1223,,,1
366,863,박스,박스,1
366,940,전기전자제품,분전반및배전반,1
366,764,전기전자제품,가전제품(전기전자제품),1
367,840,금속자재,망,1
367,842,금속자재,망,1
367,843,금속자재,망,1
367,844,금속자재,망,1
367,1272,기계제작1,NA,1
368,1240,,,2
369,794,기계장비,공구,1
369,960,비철금속자재,알루미늄,1
369,961,비철금속자재,알루미늄,1
369,963,비철금속자재,알루미늄,1
369,964,비철금속자재,알루미늄,1
370,954,금속자재,스테인리스,1
370,1280,기계제작1,NA,2
370,1274,기계제작2,NA,1
370,1247,,,1
371,1137,플라스틱자재,플라스틱,1
371,958,플라스틱자재,아크릴,1
371,1234,,,1
372,1274,기계제작2,NA,1
372,1058,조명및전구,조명제품,1
372,1060,조명및전구,조명제품,1
372,1253,,,1
374,885,플라스틱자재,벨트,1
374,1245,,,1
375,1011,건축자재,인테리어제품,2
375,1012,건축자재,인테리어제품,2
375,1274,기계제작2,NA,3
375,1311,,NA,3
375,1254,,,2
375,1243,,,1
375,1229,,,1
376,1266,금속제품,금속,1
376,1311,,NA,1
376,1323,,NA,1
379,1058,조명및전구,조명제품,1
379,1060,조명및전구,조명제품,1
379,1326,조명및전구,조명제품,1
379,1249,,,1
380,1009,건축자재,인테리어제품,2
380,1294,용접,NA,1
380,1295,용접,NA,1
381,1157,간판및광고물,현수막,1
381,1066,조명및전구,조명제품,1
381,1069,조명및전구,조명제품,1
382,1018,건축자재,인테리어철물,1
382,1334,금속자재,철,1
382,793,기계장비,공구,1
382,764,전기전자제품,가전제품(전기전자제품),1
382,1297,후처리1,NA,3
383,976,건축자재,위생용도자기,1
383,983,건축자재,위생용도자기,1
383,1055,전기전자자재,전선,1
383,1223,,,1
384,848,간판및광고물,명판,2
384,1331,기계제작2,NA,1
384,1303,후처리2,NA,1
385,1058,조명및전구,조명제품,1
385,1060,조명및전구,조명제품,1
385,1326,조명및전구,조명제품,1
386,1169,,,1
386,1245,,,1
386,1210,,,1
387,1184,,,1
387,1220,,,1
388,1058,조명및전구,조명제품,1
388,1060,조명및전구,조명제품,1
388,1066,조명및전구,조명제품,1
388,1069,조명및전구,조명제품,1
389,1334,금속자재,철,1
389,1287,부품제작,NA,1
389,1253,,,1
390,1012,건축자재,인테리어제품,1
390,1014,건축자재,인테리어제품,1
390,821,금속자재,금속,1
390,1294,용접,NA,3
390,1058,조명및전구,조명제품,1
390,1060,조명및전구,조명제품,1
390,1253,,,1
391,916,금속자재,부품,1
391,766,전기전자제품,가전제품(전기전자제품),1
391,1237,,,1
392,1018,건축자재,인테리어철물,1
392,818,금속자재,금속,1
392,937,금속자재,부품,1
392,1326,조명및전구,조명제품,1
392,1228,,,1
393,798,기계장비,공구,1
393,1251,,,1
393,1250,,,1
394,1017,건축자재,인테리어철물,1
394,793,기계장비,공구,1
394,1253,,,1
395,1100,금속자재,파이프,1
395,907,금속자재,봉,1
395,1029,조명및전구,전구,1
395,1030,조명및전구,전구,1
395,1031,조명및전구,전구,1
395,1238,,,1
396,1284,기계제작2,NA,1
397,965,전기전자,어댑터(아담터),1
397,764,전기전자제품,가전제품(전기전자제품),1
397,1058,조명및전구,조명제품,1
398,916,금속자재,부품,1
398,1253,,,1
398,1237,,,1
399,954,금속자재,스테인리스,1
399,821,금속자재,금속,1
399,896,금속자재,"볼트,너트",1
399,795,기계장비,공구,1
399,766,전기전자제품,가전제품(전기전자제품),1
399,1187,,,1
399,1209,,,1
399,1240,,,1
400,793,기계장비,공구,1
400,797,기계장비,공구,1
400,798,기계장비,공구,1
400,799,기계장비,공구,1
400,802,기계장비,공구,1
400,1071,조명및전구,조명제품,1
400,1236,,,1
401,988,유리자재,유리,1
401,1081,조명및전구,조명제품,1
401,1326,조명및전구,조명제품,1
402,1266,금속제품,금속,1
402,1267,금속제품,비금속,1
402,1280,기계제작1,NA,2
403,1266,금속제품,금속,3
403,1267,금속제품,비금속,3
403,1279,기계제작1,NA,2
403,1280,기계제작1,NA,2
403,1058,조명및전구,조명제품,1
403,1060,조명및전구,조명제품,1
403,1074,조명및전구,조명제품,1
403,1326,조명및전구,조명제품,1
404,1058,조명및전구,조명제품,1
404,1060,조명및전구,조명제품,1
405,1058,조명및전구,조명제품,1
405,1060,조명및전구,조명제품,1
405,1081,조명및전구,조명제품,1
406,976,건축자재,위생용도자기,1
406,983,건축자재,위생용도자기,1
406,1168,,,1
407,1058,조명및전구,조명제품,1
407,1060,조명및전구,조명제품,1
407,1030,조명및전구,전구,1
407,1326,조명및전구,조명제품,1
407,789,합성고무자재,고무,1
407,792,합성고무자재,고무,1
407,1220,,,1
407,1223,,,1
408,793,기계장비,공구,1
408,964,비철금속자재,알루미늄,1
408,967,전자전기제품,열쇠(키),1
408,941,플라스틱자재,비닐,1
408,1252,,,1
409,793,기계장비,공구,1
409,1252,,,1
411,1266,금속제품,금속,2
411,1267,금속제품,비금속,2
411,1331,기계제작2,NA,2
411,1284,기계제작2,NA,2
411,1030,조명및전구,전구,1
411,1326,조명및전구,조명제품,1
411,1223,,,1
412,766,전기전자제품,가전제품(전기전자제품),1
412,1253,,,1
413,910,금속자재,부품,1
413,1244,,,1
413,1228,,,1
413,1253,,,1
414,1266,금속제품,금속,2
414,1275,기계제작1,NA,1
414,1274,기계제작1,NA,1
415,848,간판및광고물,명판,3
415,1331,기계제작2,NA,1
415,1306,인쇄,NA,1
415,1317,,NA,1
416,1058,조명및전구,조명제품,1
416,1060,조명및전구,조명제품,1
416,1326,조명및전구,조명제품,1
417,1011,건축자재,인테리어제품,2
417,1012,건축자재,인테리어제품,2
417,815,금속제품,귀금속,1
417,816,금속제품,귀금속,1
417,817,금속제품,귀금속,1
417,1282,기계제작2,NA,3
417,1319,,NA,3
417,1254,,,2
418,815,금속제품,귀금속,1
418,816,금속제품,귀금속,1
418,817,금속제품,귀금속,1
418,1279,기계제작1,NA,1
418,1274,기계제작1,NA,1
418,1282,기계제작2,NA,1
418,1294,용접,NA,1
418,1093,케이스,케이스,5
418,1328,,NA,1
419,1240,,,1
420,815,금속제품,귀금속,1
420,816,금속제품,귀금속,1
420,817,금속제품,귀금속,1
420,1284,기계제작2,NA,3
420,869,박스,박스,3
420,1306,인쇄,NA,3
420,1137,플라스틱자재,플라스틱,3
420,958,플라스틱자재,아크릴,3
420,1315,,NA,3
421,815,금속제품,귀금속,1
421,816,금속제품,귀금속,1
421,817,금속제품,귀금속,1
421,1244,,,1
421,1228,,,1
421,1253,,,1
422,807,기계장비,과학용품,1
422,1004,기계장비,의료,1
422,1005,기계장비,의료,1
422,755,전기전자제품,가전제품(전기전자제품),1
422,765,전기전자제품,가전제품(전기전자제품),1
422,774,전기전자제품,가전제품(전기전자제품),1
422,1238,,,1
423,781,간판및광고물,간판,1
423,783,간판및광고물,간판,1
423,785,간판및광고물,간판,1
423,815,금속제품,귀금속,1
423,816,금속제품,귀금속,1
423,817,금속제품,귀금속,1
423,1058,조명및전구,조명제품,1
423,1060,조명및전구,조명제품,1
424,1266,금속제품,금속,1
424,1282,기계제작2,NA,1
424,1186,,,1
425,1266,금속제품,금속,1
425,793,기계장비,공구,1
425,797,기계장비,공구,1
425,798,기계장비,공구,1
425,799,기계장비,공구,1
425,802,기계장비,공구,1
425,1331,기계제작2,NA,1
428,1257,,,1
429,817,금속제품,귀금속,1
429,1058,조명및전구,조명제품,1
429,1060,조명및전구,조명제품,1
429,1065,조명및전구,조명제품,1
429,1326,조명및전구,조명제품,1
430,916,금속자재,부품,1
430,1090,전기전자제품,컨버터및인버터,1
430,1058,조명및전구,조명제품,1
430,1060,조명및전구,조명제품,1
430,1220,,,1
430,1237,,,1
431,1326,조명및전구,조명제품,2
431,1074,조명및전구,조명제품,1
432,793,기계장비,공구,1
432,798,기계장비,공구,1
432,799,기계장비,공구,1
432,1113,기계장비,펌프,1
432,1115,기계장비,펌프,1
432,1116,기계장비,펌프,1
432,1123,기계장비,펌프,1
432,1212,,,1
433,798,기계장비,공구,1
433,1164,전자전기제품,회로,1
433,1269,전자전기제품,회로,1
433,1308,회로설계,NA,2
433,1251,,,1
433,1250,,,1
434,1113,기계장비,펌프,1
434,1115,기계장비,펌프,1
434,1116,기계장비,펌프,1
434,1123,기계장비,펌프,1
434,863,박스,박스,1
434,1306,인쇄,NA,2
434,958,플라스틱자재,아크릴,1
434,1212,,,1
435,935,금속자재,부품,1
435,1112,기계장비,펌프,1
435,1123,기계장비,펌프,1
435,1124,기계장비,펌프,1
435,1212,,,1
435,1253,,,1
436,1265,,,1
436,1168,,,1
437,1058,조명및전구,조명제품,1
437,1060,조명및전구,조명제품,1
437,1065,조명및전구,조명제품,1
437,1079,조명및전구,조명제품,1
437,1326,조명및전구,조명제품,1
438,1058,조명및전구,조명제품,1
438,1060,조명및전구,조명제품,1
438,1065,조명및전구,조명제품,1
438,1079,조명및전구,조명제품,1
438,958,플라스틱자재,아크릴,1
438,1255,,,1
439,848,간판및광고물,명판,1
439,1306,인쇄,NA,2
439,1058,조명및전구,조명제품,1
439,1060,조명및전구,조명제품,1
439,1030,조명및전구,전구,1
439,958,플라스틱자재,아크릴,1
439,1223,,,1
440,1266,금속제품,금속,1
440,1282,기계제작2,NA,1
440,1058,조명및전구,조명제품,1
440,1060,조명및전구,조명제품,1
441,1266,금속제품,금속,1
441,1331,기계제작2,NA,2
441,833,기획,기획,1
441,1193,,,1
441,1222,,,1
442,1114,기계장비,펌프,1
442,1115,기계장비,펌프,1
442,1058,조명및전구,조명제품,1
442,1060,조명및전구,조명제품,1
442,1326,조명및전구,조명제품,1
442,1212,,,1
443,1114,기계장비,펌프,1
443,1115,기계장비,펌프,1
443,1326,조명및전구,조명제품,1
443,1212,,,1
444,766,전기전자제품,가전제품(전기전자제품),1
444,1164,전자전기제품,회로,1
444,1058,조명및전구,조명제품,1
444,1060,조명및전구,조명제품,1
444,1061,조명및전구,조명제품,1
444,1326,조명및전구,조명제품,1
445,1266,금속제품,금속,1
445,1288,부품제작,NA,1
445,1058,조명및전구,조명제품,1
445,1060,조명및전구,조명제품,1
446,1058,조명및전구,조명제품,1
446,1060,조명및전구,조명제품,1
446,1140,플라스틱자재,플라스틱,1
447,1058,조명및전구,조명제품,1
447,1060,조명및전구,조명제품,1
447,1137,플라스틱자재,플라스틱,1
447,958,플라스틱자재,아크릴,1
448,1275,기계제작1,NA,1
448,863,박스,박스,1
448,1298,인쇄,NA,3
448,1233,,,1
448,1232,,,1
448,1229,,,1
449,848,간판및광고물,명판,3
449,1331,기계제작2,NA,2
449,964,비철금속자재,알루미늄,3
449,1306,인쇄,NA,2
449,1326,조명및전구,조명제품,1
449,1317,,NA,2
450,916,금속자재,부품,1
450,1331,자수,NA,3
450,1066,조명및전구,조명제품,1
450,1237,,,1
450,1223,,,1
451,916,금속자재,부품,1
451,1058,조명및전구,조명제품,1
451,1060,조명및전구,조명제품,1
451,1065,조명및전구,조명제품,1
451,1079,조명및전구,조명제품,1
451,1237,,,1
452,848,간판및광고물,명판,2
452,916,금속자재,부품,1
452,1306,인쇄,NA,1
452,1237,,,1
452,1317,,NA,1
453,1242,,,1
453,1253,,,1
454,916,금속자재,부품,1
454,1058,조명및전구,조명제품,1
454,1060,조명및전구,조명제품,1
454,1237,,,1
455,976,건축자재,위생용도자기,1
455,983,건축자재,위생용도자기,1
455,1058,조명및전구,조명제품,1
455,1060,조명및전구,조명제품,1
456,976,건축자재,위생용도자기,1
456,983,건축자재,위생용도자기,1
456,1014,건축자재,인테리어제품,1
456,1095,케이스,케이스,1
457,1058,조명및전구,조명제품,1
457,1060,조명및전구,조명제품,1
457,1265,,,1
458,848,간판및광고물,명판,4
458,976,건축자재,위생용도자기,1
458,983,건축자재,위생용도자기,1
458,1273,기계제작1,NA,1
458,1276,기계제작2,NA,1
458,1277,기계제작2,NA,1
458,1298,인쇄,NA,1
458,1295,후처리2,NA,1
459,1020,금속제품,자석,1
459,1021,금속제품,자석,1
459,1023,금속제품,자석,1
459,1024,금속제품,자석,1
459,1027,금속제품,자석,1
459,1028,금속제품,자석,1
459,1258,,,1
460,976,건축자재,위생용도자기,1
460,983,건축자재,위생용도자기,1
461,1326,조명및전구,조명제품,2
461,1058,조명및전구,조명제품,1
461,1060,조명및전구,조명제품,1
462,976,건축자재,위생용도자기,1
462,983,건축자재,위생용도자기,1
462,1240,,,1
463,1058,조명및전구,조명제품,1
463,1060,조명및전구,조명제품,1
463,1326,조명및전구,조명제품,1
463,1154,화학섬유,합성섬유,1
463,1247,,,1
464,976,건축자재,위생용도자기,1
464,983,건축자재,위생용도자기,1
464,1058,조명및전구,조명제품,1
464,1060,조명및전구,조명제품,1
465,976,건축자재,위생용도자기,1
465,983,건축자재,위생용도자기,1
465,766,전기전자제품,가전제품(전기전자제품),1
465,1187,,,1
465,1209,,,1
466,976,건축자재,위생용도자기,1
466,983,건축자재,위생용도자기,1
466,1234,,,1
466,1236,,,1
467,976,건축자재,위생용도자기,1
467,983,건축자재,위생용도자기,1
467,965,전기전자,어댑터(아담터),1
467,1058,조명및전구,조명제품,1
468,988,유리자재,유리,1
468,1326,조명및전구,조명제품,1
468,789,합성고무자재,고무,1
469,960,비철금속자재,알루미늄,1
469,961,비철금속자재,알루미늄,1
469,963,비철금속자재,알루미늄,1
469,964,비철금속자재,알루미늄,1
469,1058,조명및전구,조명제품,1
469,1060,조명및전구,조명제품,1
469,1326,조명및전구,조명제품,1
470,852,기계장비,모터,1
470,853,기계장비,모터,1
470,1240,,,1
470,1187,,,1
471,1014,건축자재,인테리어제품,1
471,1017,건축자재,인테리어철물,1
471,1011,건축자재,인테리어제품,1
471,1012,건축자재,인테리어제품,1
471,1284,기계제작2,NA,4
471,1326,조명및전구,조명제품,1
471,1095,케이스,케이스,1
472,842,금속자재,망,1
472,821,금속자재,금속,1
472,1256,,,1
475,1017,건축자재,인테리어철물,1
475,793,기계장비,공구,1
475,1274,기계제작2,NA,4
475,958,플라스틱자재,아크릴,1
475,1245,,,1
476,848,간판및광고물,명판,2
476,1270,기계제작1,NA,1
476,1276,기계제작2,NA,1
477,1245,,,1
477,1210,,,1
477,1193,,,1
477,1222,,,1
478,1068,조명및전구,조명제품,1
478,1326,조명및전구,조명제품,1
478,885,플라스틱자재,벨트,1
478,1245,,,1
478,1244,,,1
478,1223,,,1
479,1131,금속자재,풀리,1
479,825,기계장비,기어,1
479,829,기계장비,기어,1
479,831,기계장비,기어,1
479,832,기계장비,기어,1
479,1071,조명및전구,조명제품,1
479,1236,,,1
480,1015,건축자재,인테리어철물,1
480,883,플라스틱자재,벨트,1
480,884,플라스틱자재,벨트,1
480,1156,플라스틱제품,핸들,1
481,948,전기전자제품,센서,1
481,966,전자전기제품,열쇠(키),1
481,969,전자전기제품,열쇠(키),1
481,1169,,,1
482,1014,건축자재,인테리어제품,1
482,1104,금속자재,파이프,1
482,873,금속제품,밸브,1
482,863,박스,박스,1
482,756,전기전자제품,가전제품(전기전자제품),1
482,940,전기전자제품,분전반및배전반,1
483,1266,금속제품,금속,2
483,1276,기계제작2,NA,1
483,1282,기계제작2,NA,1
483,1328,,NA,1
484,976,건축자재,위생용도자기,1
484,983,건축자재,위생용도자기,1
484,1273,기계제작1,NA,1
484,1277,기계제작2,NA,1
484,1306,,NA,1
485,780,간판및광고물,간판,2
485,784,간판및광고물,간판,2
485,989,유리자재,유리,1
485,1294,후처리2,NA,2
485,1305,후처리2,NA,1
485,1310,,NA,2
486,964,비철금속자재,알루미늄,1
486,1055,전기전자자재,전선,1
486,941,플라스틱자재,비닐,1
487,1272,기계제작1,NA,1
487,940,전기전자제품,분전반및배전반,1
487,1183,,,1
488,1100,금속자재,파이프,1
488,907,금속자재,봉,1
488,815,금속제품,귀금속,1
488,816,금속제품,귀금속,1
488,817,금속제품,귀금속,1
488,1238,,,1
489,1271,기계제작1,NA,1
489,1272,기계제작1,NA,1
489,1058,조명및전구,조명제품,1
489,1060,조명및전구,조명제품,1
489,1326,조명및전구,조명제품,1
490,954,금속자재,스테인리스,1
490,1058,조명및전구,조명제품,1
490,1060,조명및전구,조명제품,1
490,1074,조명및전구,조명제품,1
491,1009,건축자재,인테리어제품,2
491,1286,용접,NA,1
491,1287,용접,NA,1
491,1256,,,1
492,1126,간판및광고물,표지판,1
492,848,간판및광고물,명판,1
492,1129,간판및광고물,표지판,1
492,1113,기계장비,펌프,1
492,1120,기계장비,펌프,1
492,1298,인쇄,NA,3
492,1212,,,1
493,835,전기전자자재,단자,1
493,836,전기전자자재,단자,1
493,958,플라스틱자재,아크릴,1
493,1307,,NA,1
494,848,간판및광고물,명판,2
494,1266,금속제품,금속,1
494,1282,기계제작2,NA,1
494,1298,인쇄,NA,1
494,1309,,NA,1
496,1014,건축자재,인테리어제품,1
496,1074,조명및전구,조명제품,1
496,1326,조명및전구,조명제품,1
497,1128,간판및광고물,표지판,1
497,991,건축자재,유리및창호,1
497,954,금속자재,스테인리스,1
497,1058,조명및전구,조명제품,1
497,1060,조명및전구,조명제품,1
497,1074,조명및전구,조명제품,1
497,1326,조명및전구,조명제품,1
498,1058,조명및전구,조명제품,1
498,1060,조명및전구,조명제품,1
498,1326,조명및전구,조명제품,1
498,1306,,NA,2
498,1243,,,1
498,1229,,,1
499,780,간판및광고물,간판,1
499,1058,조명및전구,조명제품,1
499,1060,조명및전구,조명제품,1
499,1326,조명및전구,조명제품,1
499,1294,후처리2,NA,1
500,916,금속자재,부품,1
500,815,금속제품,귀금속,1
500,816,금속제품,귀금속,1
500,817,금속제품,귀금속,1
500,1237,,,1
501,848,간판및광고물,명판,3
501,1266,기계제작1,NA,1
501,1290,후처리2,NA,1
501,1309,,NA,1
501,1240,,,1
502,1157,간판및광고물,현수막,1
502,1253,,,1
503,976,건축자재,위생용도자기,1
503,983,건축자재,위생용도자기,1
503,1276,기계제작2,NA,3
503,869,박스,박스,3
503,1298,인쇄,NA,3
503,1137,플라스틱자재,플라스틱,3
503,958,플라스틱자재,아크릴,3
503,1307,,NA,3
504,1012,건축자재,인테리어제품,1
504,1014,건축자재,인테리어제품,1
504,821,금속자재,금속,1
504,1286,용접,NA,3
504,1237,,,1
505,1014,건축자재,인테리어제품,1
505,954,금속자재,스테인리스,1
505,916,금속자재,부품,1
505,1286,용접,NA,2
505,1237,,,1
506,1013,건축자재,인테리어제품,1
506,1014,건축자재,인테리어제품,1
506,1266,금속제품,금속,1
506,1267,금속제품,비금속,1
506,1280,기계제작1,NA,2
506,1286,용접,NA,2
507,848,간판및광고물,명판,1
507,1298,인쇄,NA,2
507,958,플라스틱자재,아크릴,1
508,954,금속자재,스테인리스,1
508,1058,조명및전구,조명제품,1
508,1060,조명및전구,조명제품,1
509,1298,인쇄,NA,2
509,1030,조명및전구,전구,1
509,1326,조명및전구,조명제품,1
509,958,플라스틱자재,아크릴,1
510,1114,기계장비,펌프,1
510,1123,기계장비,펌프,1
510,1271,기계제작1,NA,1
510,1266,기계제작1,NA,1
510,1274,기계제작2,NA,1
510,1286,용접,NA,1
510,1093,케이스,케이스,5
510,1306,,NA,1
510,1212,,,1
511,1306,,NA,2
511,1243,,,1
511,1229,,,1
511,1184,,,1
512,848,간판및광고물,명판,2
512,850,간판및광고물,명판,2
512,815,금속제품,귀금속,1
512,816,금속제품,귀금속,1
512,817,금속제품,귀금속,1
512,1298,인쇄,NA,2
512,1309,,NA,2
513,848,간판및광고물,명판,4
513,1267,기계제작1,NA,2
513,1273,기계제작1,NA,2
513,1266,기계제작1,NA,2
513,1277,기계제작2,NA,2
513,1229,,,4
513,1306,,NA,2
513,1253,,,1
514,848,간판및광고물,명판,2
514,1280,기계제작1,NA,3
514,1302,후처리2,NA,3
515,1266,금속제품,금속,1
515,1321,,NA,1
516,1266,금속제품,금속,2
516,1114,기계장비,펌프,1
516,1123,기계장비,펌프,1
516,1274,기계제작1,NA,1
516,1294,용접,NA,1
516,1212,,,1
517,1266,기계제작1,NA,1
517,1286,용접,NA,1
517,948,전기전자제품,센서,1
517,966,전자전기제품,열쇠(키),1
517,969,전자전기제품,열쇠(키),1
518,976,건축자재,위생용도자기,1
518,983,건축자재,위생용도자기,1
519,1328,,NA,2
519,1309,,NA,1
519,1243,,,1
519,1229,,,1
520,904,금속자재,봉,3
520,1266,금속제품,금속,4
520,1267,금속제품,비금속,2
520,1284,기계제작2,NA,2
520,1239,,,3
520,1311,,NA,2
520,1315,,NA,2
521,1058,조명및전구,조명제품,1
521,1060,조명및전구,조명제품,1
521,1081,조명및전구,조명제품,1
521,1326,조명및전구,조명제품,1
522,1266,금속제품,금속,2
522,1276,기계제작2,NA,1
522,1307,,NA,1
522,1321,,NA,1
522,1322,,NA,1
523,1030,조명및전구,전구,1
523,1257,,,1
524,1240,,,1
525,1055,전기전자자재,전선,1
525,1258,,,1
526,1266,금속제품,금속,2
526,1066,조명및전구,조명제품,1
526,1305,후처리2,NA,1
526,1322,,NA,1
527,848,간판및광고물,명판,2
527,850,간판및광고물,명판,2
527,851,기계장비,모터,1
527,1091,기계장비,컴프레셔(콤프레샤),1
527,1306,인쇄,NA,2
527,1090,전기전자제품,컨버터및인버터,1
527,1317,,NA,2
527,1210,,,1
527,1212,,,1
528,1222,,,2
529,1220,,,1
529,1245,,,1
530,1266,금속제품,금속,1
530,1294,용접,NA,1
533,1266,금속제품,금속,2
533,1305,후처리2,NA,1
533,1322,,NA,1
534,1113,기계장비,펌프,1
534,1120,기계장비,펌프,1
534,1212,,,1
534,1253,,,1
535,1014,건축자재,인테리어제품,2
535,1266,금속제품,금속,3
535,1280,기계제작1,NA,1
535,1284,기계제작2,NA,1
535,1303,시공,NA,1
535,1286,용접,NA,1
535,1315,,NA,1
536,842,금속자재,망,1
536,1047,전기전자자재,전선,1
536,1053,전기전자자재,전선,1
537,1267,금속제품,비금속,4
537,1266,금속제품,금속,2
537,1284,기계제작2,NA,3
537,958,플라스틱자재,아크릴,2
537,1315,,NA,3
537,1243,,,1
537,1229,,,1
538,1017,건축자재,인테리어철물,1
538,1011,건축자재,인테리어제품,1
538,1012,건축자재,인테리어제품,1
538,815,금속제품,귀금속,1
538,816,금속제품,귀금속,1
538,817,금속제품,귀금속,1
538,1276,기계제작2,NA,4
538,1326,조명및전구,조명제품,1
539,848,간판및광고물,명판,4
539,781,간판및광고물,간판,1
539,783,간판및광고물,간판,1
539,785,간판및광고물,간판,1
539,1331,기계제작2,NA,1
539,1284,기계제작2,NA,1
539,1306,인쇄,NA,1
539,1058,조명및전구,조명제품,1
539,1060,조명및전구,조명제품,1
539,1303,후처리2,NA,1
540,1266,기계제작1,NA,1
540,958,플라스틱자재,아크릴,1
540,1306,,NA,1
540,1315,,NA,1
541,907,금속자재,봉,1
541,1241,,,1
541,1238,,,1
541,1237,,,1
542,848,간판및광고물,명판,1
542,988,유리자재,유리,1
542,1058,조명및전구,조명제품,1
542,1060,조명및전구,조명제품,1
542,1326,조명및전구,조명제품,1
542,958,플라스틱자재,아크릴,1
543,848,간판및광고물,명판,3
543,1272,기계제작1,NA,4
543,1273,기계제작1,NA,4
543,1276,기계제작2,NA,4
543,1277,기계제작2,NA,4
543,962,비철금속자재,알루미늄,3
543,964,비철금속자재,알루미늄,3
543,1058,조명및전구,조명제품,1
543,1060,조명및전구,조명제품,1
543,1326,조명및전구,조명제품,1
543,958,플라스틱자재,아크릴,3
544,958,플라스틱자재,아크릴,2
544,1255,,,1
545,1164,전자전기제품,회로,1
545,1326,조명및전구,조명제품,1
545,1253,,,1
546,848,간판및광고물,명판,3
546,1280,기계제작1,NA,4
546,1284,기계제작2,NA,4
546,1331,기계제작2,NA,4
546,962,비철금속자재,알루미늄,3
546,964,비철금속자재,알루미늄,3
546,958,플라스틱자재,아크릴,3
547,1266,금속제품,금속,2
547,1274,기계제작1,NA,1
547,1326,조명및전구,조명제품,1
547,1328,,NA,1
548,1266,금속제품,금속,2
548,1284,기계제작2,NA,1
548,1282,기계제작2,NA,1
548,1178,,,1
549,1058,조명및전구,조명제품,1
549,1060,조명및전구,조명제품,1
549,1223,,,1
550,980,건축자재,위생용도자기,1
550,983,건축자재,위생용도자기,1
550,1315,,NA,1
551,793,기계장비,공구,1
551,967,전자전기제품,열쇠(키),1
551,1252,,,1
552,1271,기계장비,제어기,1
552,1058,조명및전구,조명제품,1
552,1060,조명및전구,조명제품,1
552,1326,조명및전구,조명제품,1
553,766,전기전자제품,가전제품(전기전자제품),1
554,916,금속자재,부품,1
554,1237,,,1
555,780,간판및광고물,간판,1
555,1267,기계제작1,NA,1
555,1272,기계제작1,NA,1
555,1302,후처리2,NA,1
555,1306,,NA,2
556,1081,조명및전구,조명제품,1
556,1326,조명및전구,조명제품,1
556,1237,,,1
557,916,금속자재,부품,1
557,1058,조명및전구,조명제품,1
557,1060,조명및전구,조명제품,1
557,1030,조명및전구,전구,1
557,1326,조명및전구,조명제품,1
557,1220,,,1
557,1223,,,1
558,1237,,,1
558,1240,,,1
559,1081,조명및전구,조명제품,1
559,1326,조명및전구,조명제품,1
560,1286,용접,NA,1
560,1081,조명및전구,조명제품,1
560,1326,조명및전구,조명제품,1
561,976,건축자재,위생용도자기,1
561,983,건축자재,위생용도자기,1
561,1297,후처리2,NA,1
561,1328,,NA,1
562,1266,금속제품,금속,1
562,1278,기계제작1,NA,1
562,1243,,,1
562,1229,,,1
563,1334,금속자재,철,1
563,1274,기계제작2,NA,1
563,1286,용접,NA,1
564,1273,기계제작1,NA,1
564,1276,기계제작2,NA,1
564,1277,기계제작2,NA,1
565,916,금속자재,부품,2
565,1237,,,1
566,916,금속자재,부품,1
566,1293,자수,NA,3
566,1237,,,1
566,1223,,,1
567,1058,조명및전구,조명제품,1
567,1060,조명및전구,조명제품,1
567,1030,조명및전구,전구,1
567,1226,,,1
567,1225,,,1
567,1224,,,1
567,1253,,,1
567,1223,,,1
568,1017,건축자재,인테리어철물,3
568,1014,건축자재,인테리어제품,3
568,1083,금속자재,철,3
568,1288,부품제작,NA,3
568,1294,용접,NA,3
568,1243,,,1
568,1229,,,1
569,781,간판및광고물,간판,1
569,782,간판및광고물,간판,1
569,783,간판및광고물,간판,1
569,852,기계장비,모터,1
569,853,기계장비,모터,1
569,958,플라스틱자재,아크릴,1
569,1294,후처리2,NA,4
569,1187,,,1
570,976,건축자재,위생용도자기,1
570,983,건축자재,위생용도자기,1
571,902,금속자재,봉,1
571,1297,후처리2,NA,1
571,1328,,NA,1
572,1266,금속제품,금속,4
572,1275,기계제작1,NA,1
572,1280,기계제작1,NA,1
572,1090,전기전자제품,컨버터및인버터,1
572,1328,,NA,2
573,1112,기계장비,펌프,1
573,1123,기계장비,펌프,1
573,1124,기계장비,펌프,1
573,1229,,,1
573,1212,,,1
574,1090,전기전자제품,컨버터및인버터,1
574,1029,조명및전구,전구,1
574,1030,조명및전구,전구,1
574,1228,,,1
575,887,건축자재,벽지및장판,1
576,1101,금속자재,파이프,1
576,1274,기계제작2,NA,1
576,1286,용접,NA,1
576,1238,,,1
576,1211,,,1
577,796,기계장비,공구,2
578,793,기계장비,공구,2
579,793,기계장비,공구,2
580,857,건축자재,목제품,4
580,1276,기계제작2,NA,2
580,1284,기계제작2,NA,2
580,958,플라스틱자재,아크릴,4
580,1307,,NA,2
580,1315,,NA,2
581,1074,조명및전구,조명제품,2
581,1076,조명및전구,조명제품,2
581,1326,조명및전구,조명제품,2
582,766,전기전자제품,가전제품(전기전자제품),2
582,1212,,,2
583,1237,,,2
584,916,금속자재,부품,2
585,1258,,,2
586,1164,전자전기제품,회로,2
586,1058,조명및전구,조명제품,2
586,1057,조명및전구,조명자재,2
586,1059,조명및전구,조명제품,2
586,1060,조명및전구,조명제품,2
586,1062,조명및전구,조명제품,2
588,1237,,,2
589,1237,,,2
590,1237,,,2
590,1315,,NA,1
590,1323,,NA,1
591,886,건축자재,벽지및장판,2
591,887,건축자재,벽지및장판,2
591,888,건축자재,벽지및장판,2
591,889,건축자재,벽지및장판,2
591,983,건축자재,위생용도자기,2
592,1157,간판및광고물,현수막,2
592,1298,인쇄,NA,1
592,1306,인쇄,NA,1
593,1326,조명및전구,조명제품,2
594,1326,조명및전구,조명제품,2
595,1037,전기전자자재,전선,2
595,1041,전기전자자재,전선,2
595,1048,전기전자자재,전선,2
596,1138,플라스틱자재,플라스틱,2
596,1181,,,2
596,1309,,NA,2
596,1317,,NA,2
597,1334,금속자재,철,2
598,1135,플라스틱자재,플라스틱,2
599,976,건축자재,위생용도자기,2
599,983,건축자재,위생용도자기,2
599,921,금속자재,부품,2
600,983,건축자재,위생용도자기,2
600,1137,플라스틱자재,플라스틱,2
600,1144,플라스틱자재,필름,2
600,1145,플라스틱자재,필름,2
601,1259,,,2
602,1242,,,2
603,1258,,,2
604,842,금속자재,망,2
605,1334,금속자재,철,2
605,1298,인쇄,NA,1
605,1306,인쇄,NA,1
606,976,건축자재,위생용도자기,2
606,983,건축자재,위생용도자기,2
607,1014,건축자재,인테리어제품,2
607,1334,금속자재,철,2
607,1267,기계제작1,NA,2
607,1275,기계제작1,NA,2
608,1016,건축자재,인테리어철물,2
608,1012,건축자재,인테리어제품,2
608,759,전기전자제품,가전제품(전기전자제품),2
609,964,비철금속자재,알루미늄,2
609,1239,,,2
610,888,건축자재,벽지및장판,2
610,889,건축자재,벽지및장판,2
610,983,건축자재,위생용도자기,2
610,959,플라스틱자재,아크릴,2
611,991,건축자재,유리및창호,2
612,932,금속자재,부품,2
612,1326,조명및전구,조명제품,2
613,971,비금속광물자재,"원석,돌,스톤",2
613,972,비금속광물자재,"원석,돌,스톤",2
613,973,비금속광물자재,"원석,돌,스톤",2
613,974,비금속광물자재,"원석,돌,스톤",2
613,975,비금속광물자재,"원석,돌,스톤",2
614,1326,조명및전구,조명제품,2
615,1012,건축자재,인테리어제품,2
615,1014,건축자재,인테리어제품,2
615,1095,케이스,케이스,2
616,1326,조명및전구,조명제품,2
617,907,금속자재,봉,2
617,1259,,,2
617,1238,,,2
618,1295,후처리2,NA,1
618,1303,후처리2,NA,1
618,1229,,,4
618,1328,,NA,1
618,1306,,NA,1
619,1266,금속제품,금속,1
619,1274,기계제작2,NA,1
619,1282,기계제작2,NA,1
620,1266,금속제품,금속,3
620,1284,기계제작2,NA,2
620,1282,기계제작2,NA,2
620,1276,기계제작2,NA,1
620,1274,기계제작2,NA,1
620,833,기획,기획,3
620,1319,,NA,2
620,1311,,NA,1
621,830,기계장비,기어,2
621,1276,기계제작2,NA,2
621,1284,기계제작2,NA,2
621,1245,,,2
622,885,플라스틱자재,벨트,2
622,1245,,,2
623,1099,금속자재,파이프,2
623,1272,기계제작1,NA,1
623,1280,기계제작1,NA,1
624,1276,기계제작2,NA,1
624,1274,기계제작2,NA,1
624,1284,기계제작2,NA,1
624,1282,기계제작2,NA,1
624,964,비철금속자재,알루미늄,4
625,1334,금속자재,철,2
626,1274,기계제작2,NA,1
626,1282,기계제작2,NA,1
626,1245,,,2
628,1266,금속제품,금속,1
628,1274,기계제작2,NA,1
628,1282,기계제작2,NA,1
629,1274,기계제작2,NA,1
629,1282,기계제작2,NA,1
629,1245,,,2
630,932,금속자재,부품,8
630,1266,기계제작1,NA,2
630,1274,기계제작1,NA,2
630,1276,기계제작2,NA,2
630,1284,기계제작2,NA,2
630,1239,,,8
630,1328,,NA,2
630,1306,,NA,2
631,1112,기계장비,펌프,2
631,1123,기계장비,펌프,2
631,1124,기계장비,펌프,2
631,1212,,,2
632,1014,건축자재,인테리어제품,4
632,1274,기계제작2,NA,2
632,1282,기계제작2,NA,2
632,1286,용접,NA,2
632,1294,용접,NA,2
632,1245,,,4
633,1266,금속제품,금속,1
633,1282,기계제작2,NA,2
633,1274,기계제작2,NA,1
633,833,기획,기획,1
634,1011,건축자재,인테리어제품,2
634,1012,건축자재,인테리어제품,2
634,1014,건축자재,인테리어제품,2
634,1286,용접,NA,3
634,1294,용접,NA,3
635,825,기계장비,기어,2
635,826,기계장비,기어,2
635,827,기계장비,기어,2
635,829,기계장비,기어,2
635,1245,,,2
636,898,금속자재,봉,2
636,903,금속자재,봉,2
637,1131,금속자재,풀리,2
637,829,기계장비,기어,2
637,1245,,,2
638,1150,금속자재,합금,2
638,1186,,,2
639,825,기계장비,기어,2
639,827,기계장비,기어,2
639,1274,기계제작2,NA,3
639,1282,기계제작2,NA,3
639,1245,,,2
640,1274,기계제작2,NA,1
640,1282,기계제작2,NA,1
640,1245,,,2
641,1266,금속제품,금속,1
641,1274,기계제작2,NA,1
641,1282,기계제작2,NA,1
642,905,금속자재,봉,2
642,1152,금속자재,합금,2
643,1266,금속제품,금속,2
643,1280,기계제작1,NA,2
643,1272,기계제작1,NA,1
643,833,기획,기획,2
643,1294,용접,NA,2
643,1286,용접,NA,1
644,1266,금속제품,금속,2
644,1276,기계제작2,NA,1
644,1274,기계제작2,NA,1
644,1284,기계제작2,NA,1
644,1282,기계제작2,NA,1
645,1274,기계제작2,NA,1
645,1282,기계제작2,NA,1
645,1212,,,2
646,1112,기계장비,펌프,2
646,1124,기계장비,펌프,2
647,1152,금속자재,합금,2
647,1238,,,2
648,1266,금속제품,금속,6
648,1274,기계제작1,NA,3
648,1282,기계제작2,NA,1
648,1328,,NA,1
648,1306,,NA,1
649,1266,금속제품,금속,2
649,1271,기계제작1,NA,1
649,1272,기계제작1,NA,1
649,1279,기계제작1,NA,1
649,1280,기계제작1,NA,1
650,821,금속자재,금속,4
650,1083,금속자재,철,4
650,1274,기계제작2,NA,2
650,1282,기계제작2,NA,2
650,1286,용접,NA,2
650,1294,용접,NA,2
651,842,금속자재,망,2
653,954,금속자재,스테인리스,2
653,1238,,,2
654,984,유리자재,유리,2
654,988,유리자재,유리,2
654,989,유리자재,유리,2
656,1272,기계제작1,NA,2
656,1280,기계제작1,NA,2
656,869,박스,박스,4
656,959,플라스틱자재,아크릴,4
657,1266,금속제품,금속,1
658,1273,기계제작1,NA,2
658,1277,기계제작2,NA,2
658,1331,기계제작2,NA,2
658,1295,후처리2,NA,2
658,1303,후처리2,NA,2
658,1243,,,4
658,1229,,,4
660,1273,건축자재,목제품,2
660,1266,금속제품,금속,2
660,1284,기계제작2,NA,2
660,1282,기계제작2,NA,2
660,1276,기계제작2,NA,1
660,1274,기계제작2,NA,1
661,1012,건축자재,인테리어제품,2
661,1083,금속자재,철,2
662,1014,건축자재,인테리어제품,2
662,1286,용접,NA,1
662,1294,용접,NA,1
664,899,금속자재,봉,2
664,900,금속자재,봉,2
664,901,금속자재,봉,2
664,903,금속자재,봉,2
664,1151,금속자재,합금,2
665,780,간판및광고물,간판,2
665,1009,건축자재,인테리어제품,2
665,1014,건축자재,인테리어제품,2
665,1083,금속자재,철,2
665,1286,용접,NA,4
665,1294,용접,NA,4
666,780,간판및광고물,간판,4
666,1083,금속자재,철,4
666,1271,기계제작1,NA,2
666,1272,기계제작1,NA,2
666,1279,기계제작1,NA,2
666,1280,기계제작1,NA,2
667,1276,기계제작2,NA,4
667,1284,기계제작2,NA,4
667,1164,전자전기제품,회로,4
667,1058,조명및전구,조명제품,4
667,1060,조명및전구,조명제품,4
667,1300,회로설계,NA,4
667,1308,회로설계,NA,4
668,1266,금속제품,금속,3
668,1274,기계제작1,NA,1
668,1328,,NA,1
668,1306,,NA,1
669,1266,금속제품,금속,3
669,1267,금속제품,비금속,3
669,1279,기계제작1,NA,2
669,1280,기계제작1,NA,2
669,1271,기계제작1,NA,1
669,1272,기계제작1,NA,1
669,1328,,NA,2
669,1306,,NA,1
670,1014,건축자재,인테리어제품,2
670,954,금속자재,스테인리스,2
670,821,금속자재,금속,2
670,1083,금속자재,철,2
671,1100,금속자재,파이프,2
671,1102,금속자재,파이프,2
671,1106,금속자재,파이프,2
671,1238,,,2
672,954,금속자재,스테인리스,6
672,821,금속자재,금속,6
672,896,금속자재,"볼트,너트",6
672,795,기계장비,공구,6
672,1266,기계제작1,NA,5
672,1274,기계제작1,NA,5
672,1240,,,6
672,1328,,NA,5
672,1306,,NA,5
672,1311,,NA,5
672,1319,,NA,5
673,1239,,,2
674,856,기계장비,모터,2
675,1112,기계장비,펌프,2
675,1123,기계장비,펌프,2
675,1124,기계장비,펌프,2
675,1187,,,2
675,1212,,,2
676,1091,기계장비,컴프레셔(콤프레샤),2
676,1187,,,2
677,1012,건축자재,인테리어제품,4
677,1014,건축자재,인테리어제품,4
677,1274,기계제작2,NA,2
677,1282,기계제작2,NA,2
677,1286,용접,NA,2
677,1294,용접,NA,2
678,1334,금속자재,철,2
678,954,금속자재,스테인리스,2
678,821,금속자재,금속,2
678,964,비철금속자재,알루미늄,2
678,1306,,NA,5
678,1328,,NA,5
678,1239,,,2
679,1081,조명및전구,조명제품,2
679,1326,조명및전구,조명제품,2
679,1239,,,2
680,1266,금속제품,금속,1
680,1274,기계제작2,NA,1
680,1282,기계제작2,NA,1
681,1266,금속제품,금속,1
681,1276,기계제작2,NA,1
681,1284,기계제작2,NA,1
682,1274,기계제작2,NA,1
682,1282,기계제작2,NA,1
682,1245,,,2
683,1266,금속제품,금속,1
683,1274,기계제작2,NA,1
683,1282,기계제작2,NA,1
684,1266,금속제품,금속,1
684,1274,기계제작2,NA,1
684,1282,기계제작2,NA,1
685,1266,금속제품,금속,1
685,1274,기계제작2,NA,1
685,1282,기계제작2,NA,1
686,932,금속자재,부품,4
686,1266,기계제작1,NA,1
686,1274,기계제작1,NA,1
686,1328,,NA,1
686,1306,,NA,1
687,932,금속자재,부품,2
688,1273,건축자재,목제품,1
688,1266,금속제품,금속,1
688,1282,기계제작2,NA,2
688,1274,기계제작2,NA,1
689,1266,금속제품,금속,2
689,1274,기계제작2,NA,1
689,1282,기계제작2,NA,1
689,1328,,NA,1
689,1306,,NA,1
690,1266,금속제품,금속,1
690,1286,용접,NA,1
690,1294,용접,NA,1
691,1266,금속제품,금속,3
691,1274,기계제작1,NA,2
691,1282,기계제작2,NA,1
693,1266,금속제품,금속,2
693,1276,기계제작2,NA,1
693,1274,기계제작2,NA,1
693,1284,기계제작2,NA,1
693,1282,기계제작2,NA,1
694,1266,금속제품,금속,1
694,1274,기계제작2,NA,1
694,1282,기계제작2,NA,1
696,1266,금속제품,금속,4
696,1274,기계제작1,NA,2
696,1282,기계제작2,NA,1
696,1306,,NA,1
696,1328,,NA,1
697,1012,건축자재,인테리어제품,2
697,1014,건축자재,인테리어제품,2
697,1286,용접,NA,2
697,1294,용접,NA,2
698,933,금속자재,부품,2
698,1274,기계제작2,NA,1
698,1282,기계제작2,NA,1
700,1015,건축자재,인테리어철물,2
701,1266,금속제품,금속,1
702,1266,금속제품,금속,1
702,1274,기계제작2,NA,1
702,1282,기계제작2,NA,1
703,1017,건축자재,인테리어철물,2
703,1274,기계제작2,NA,1
703,1282,기계제작2,NA,1
704,848,간판및광고물,명판,8
704,1266,기계제작1,NA,1
704,1274,기계제작1,NA,1
704,1306,인쇄,NA,2
704,1298,인쇄,NA,1
704,1309,,NA,1
704,1317,,NA,1
704,1328,,NA,1
705,899,금속자재,봉,2
705,900,금속자재,봉,2
705,901,금속자재,봉,2
707,934,금속자재,부품,2
707,876,전기전자자재,버스바(부스바),2
707,1226,,,2
707,1225,,,2
709,1240,,,2
710,1272,금속제품,금속,2
710,1266,기계제작1,NA,1
710,1274,기계제작1,NA,1
710,1276,기계제작2,NA,1
710,1284,기계제작2,NA,1
711,1266,금속제품,금속,1
711,1274,기계제작2,NA,1
711,1282,기계제작2,NA,1
712,1260,,,2
713,954,금속자재,스테인리스,4
713,821,금속자재,금속,4
713,964,비철금속자재,알루미늄,4
713,1286,용접,NA,4
713,1294,용접,NA,4
713,1256,,,4
713,1311,,NA,4
713,1319,,NA,4
714,1266,기계제작1,NA,1
714,1274,기계제작1,NA,1
714,1189,,,4
714,1311,,NA,1
714,1319,,NA,1
715,1266,금속제품,금속,1
716,949,전기전자자재,스위치,2
716,939,전기전자제품,분전반및배전반,2
716,1183,,,2
716,1184,,,2
717,939,전기전자제품,분전반및배전반,2
717,1183,,,2
718,1266,금속제품,금속,1
719,1266,기계제작1,NA,2
719,1274,기계제작1,NA,2
719,1243,,,2
719,1229,,,2
720,917,금속자재,부품,1
720,919,금속자재,부품,1
720,922,금속자재,부품,1
721,1083,금속자재,철,2
721,1286,용접,NA,1
721,1294,용접,NA,1
722,1266,금속제품,금속,1
722,1274,기계제작2,NA,1
722,1282,기계제작2,NA,1
723,1266,금속제품,금속,1
723,1276,기계제작2,NA,1
723,1284,기계제작2,NA,1
724,1147,금속자재,합금,2
724,1148,금속자재,합금,2
725,1017,건축자재,인테리어철물,2
725,1011,건축자재,인테리어제품,2
725,1012,건축자재,인테리어제품,2
725,1014,건축자재,인테리어제품,2
726,1266,금속제품,금속,1
726,1274,기계제작2,NA,1
726,1282,기계제작2,NA,1
727,1266,금속제품,금속,1
727,1274,기계제작2,NA,1
727,1282,기계제작2,NA,1
728,1266,금속제품,금속,1
729,1266,금속제품,금속,1
729,1274,기계제작2,NA,1
729,1282,기계제작2,NA,1
730,1335,전기전자제품,가전제품(전기전자제품),2
731,818,금속자재,금속,2
731,1064,조명및전구,조명제품,2
731,1067,조명및전구,조명제품,2
732,1237,,,2
733,1237,,,2
734,1250,,,2
735,1257,,,2
736,916,금속자재,부품,2
736,1237,,,2
737,778,전기전자제품,가전제품(전기전자제품),2
738,1266,금속제품,금속,1
738,1269,기계제작1,NA,1
738,1277,기계제작1,NA,1
739,1266,금속제품,금속,1
739,1276,기계제작2,NA,1
739,1284,기계제작2,NA,1
740,821,금속자재,금속,2
740,1280,부품제작,NA,1
740,1288,부품제작,NA,1
741,1266,금속제품,금속,2
741,1274,기계제작1,NA,1
742,916,금속자재,부품,2
743,1261,,,2
743,1181,,,2
743,1193,,,2
744,1262,,,2
745,1017,건축자재,인테리어철물,4
745,1011,건축자재,인테리어제품,4
745,917,금속자재,부품,4
745,932,금속자재,부품,4
745,1276,기계제작1,NA,10
745,1268,기계제작1,NA,5
745,1284,기계제작2,NA,5
745,1189,,,4
746,954,금속자재,스테인리스,2
746,1253,,,2
747,821,금속자재,금속,2
747,1150,금속자재,합금,2
747,1280,부품제작,NA,2
747,1288,부품제작,NA,2
748,1150,금속자재,합금,2
748,1152,금속자재,합금,2
748,964,비철금속자재,알루미늄,2
749,1266,금속제품,금속,1
749,1272,기계제작1,NA,1
749,1280,기계제작1,NA,1
750,1266,금속제품,금속,1
750,1316,,NA,1
750,1324,,NA,1
751,1014,건축자재,인테리어제품,2
751,1286,용접,NA,1
751,1294,용접,NA,1
752,1055,전기전자자재,전선,2
1326,1060,조명및전구,조명제품,1
1326,1058,조명및전구,조명제품,1
1326,1168,,,1
1326,1238,,,1
1327,780,간판및광고물,간판,6
1327,1014,건축자재,인테리어제품,6
1327,1009,건축자재,인테리어제품,6
1327,1010,건축자재,인테리어제품,2
1327,1083,금속자재,철,6
1327,821,금속자재,금속,6
1327,954,금속자재,스테인리스,6
1327,1271,기계제작1,NA,6
1327,1280,기계제작1,NA,6
1327,1279,기계제작1,NA,6
1327,1272,기계제작1,NA,6
1327,1286,용접,NA,6
1327,1294,용접,NA,6
1329,1060,조명및전구,조명제품,1
1329,1058,조명및전구,조명제품,1
1329,1230,,,1
1329,1231,,,1
1329,1168,,,1
1330,1267,기계제작1,NA,1
1330,1266,기계제작1,NA,1
1330,1229,,,1
1330,1236,,,1
1330,1246,,,1
1332,983,건축자재,위생용도자기,1
1332,976,건축자재,위생용도자기,1
1332,1326,조명및전구,조명제품,1
1332,1060,조명및전구,조명제품,1
1332,1058,조명및전구,조명제품,1
1336,1014,건축자재,인테리어제품,1
1336,1090,전기전자제품,컨버터및인버터,1
1336,1095,케이스,케이스,1
1336,1297,후처리2,NA,1
1337,780,간판및광고물,간판,1
1337,857,건축자재,목제품,1
1337,988,유리자재,유리,1
1337,789,합성고무자재,고무,1
1337,1235,,,1
1337,1248,,,1
1338,1239,,,2
1338,1319,,NA,1
1338,1311,,NA,1
1339,819,금속자재,금속,1
1339,805,기계장비,공구,1
1339,800,기계장비,공구,1
1339,988,유리자재,유리,1
1339,984,유리자재,유리,1
1339,769,전기전자제품,가전제품(전기전자제품),1
1339,1316,,NA,3
1339,1215,,,1
1340,935,금속자재,부품,1
1340,867,박스,박스,1
1340,863,박스,박스,1
1340,1030,조명및전구,전구,1
1340,1326,조명및전구,조명제품,1
1340,1093,케이스,케이스,1
1340,958,플라스틱자재,아크릴,1
1340,1134,플라스틱자재,플라스틱,1
1340,1140,플라스틱자재,플라스틱,1
1340,959,플라스틱자재,아크릴,1
1340,1183,,,1
1341,1060,조명및전구,조명제품,1
1341,1058,조명및전구,조명제품,1
1341,1186,,,1
1341,1236,,,1
1341,1176,,,1
1341,1234,,,1
1341,1214,,,1
1342,1276,기계제작2,NA,2
1342,1284,기계제작2,NA,2
1342,959,플라스틱자재,아크릴,2
1342,958,플라스틱자재,아크릴,2
1343,1272,기계제작1,NA,1
1343,1030,조명및전구,전구,1
1343,1031,조명및전구,전구,1
1343,1029,조명및전구,전구,1
1343,1253,,,1
1343,1311,,NA,1
1344,1090,전기전자제품,컨버터및인버터,2
1344,1220,,,2
1345,1280,기계제작1,NA,4
1345,1272,기계제작1,NA,4
1345,1298,인쇄,NA,1
1345,1306,인쇄,NA,1
1345,958,플라스틱자재,아크릴,4
1345,1238,,,4
1345,1315,,NA,1
1345,1307,,NA,1
1346,954,금속자재,스테인리스,1
1346,853,기계장비,모터,1
1346,852,기계장비,모터,1
1346,1187,,,1